dataset,condition,seed,corruption,severity,clean_bacc,corrupted_bacc,corrupted_error,BE,rBE,rBE_valid,rBE_small_denominator,alexnet_error,rBE_denominator
blood,pretrained,0,pixelate,1,0.9899915047646126,0.9690428295497581,0.030957170450241933,1.190675519636188,1.4773207418115761,True,True,0.05975618949678589,0.0413869074025192
blood,pretrained,0,pixelate,2,0.9899915047646126,0.9727220144774519,0.02727798552254812,1.190675519636188,1.4773207418115761,True,True,0.05975618949678589,0.0413869074025192
blood,pretrained,0,pixelate,3,0.9899915047646126,0.91310042585971,0.08689957414029004,1.190675519636188,1.4773207418115761,True,True,0.05975618949678589,0.0413869074025192
blood,pretrained,0,pixelate,4,0.9899915047646126,0.8879223847684812,0.11207761523151882,1.190675519636188,1.4773207418115761,True,True,0.05975618949678589,0.0413869074025192
blood,pretrained,0,pixelate,5,0.9899915047646126,0.9014611854417787,0.09853881455822133,1.190675519636188,1.4773207418115761,True,True,0.05975618949678589,0.0413869074025192
blood,pretrained,1,pixelate,1,0.9867345502282888,0.9572921547041569,0.04270784529584315,1.5688017894412007,1.9445803586700279,True,True,0.05975618949678589,0.0413869074025192
blood,pretrained,1,pixelate,2,0.9867345502282888,0.9543252528950898,0.04567474710491015,1.5688017894412007,1.9445803586700279,True,True,0.05975618949678589,0.0413869074025192
blood,pretrained,1,pixelate,3,0.9867345502282888,0.8967812583375826,0.1032187416624174,1.5688017894412007,1.9445803586700279,True,True,0.05975618949678589,0.0413869074025192
blood,pretrained,1,pixelate,4,0.9867345502282888,0.879330229662904,0.12066977033709603,1.5688017894412007,1.9445803586700279,True,True,0.05975618949678589,0.0413869074025192
blood,pretrained,1,pixelate,5,0.9867345502282888,0.8435430193365407,0.15645698066345926,1.5688017894412007,1.9445803586700279,True,True,0.05975618949678589,0.0413869074025192
blood,pretrained,2,pixelate,1,0.9911905785219126,0.9736674418396012,0.02633255816039881,1.2696546082036724,1.6203264291527322,True,True,0.05975618949678589,0.0413869074025192
blood,pretrained,2,pixelate,2,0.9911905785219126,0.9839730884069207,0.01602691159307934,1.2696546082036724,1.6203264291527322,True,True,0.05975618949678589,0.0413869074025192
blood,pretrained,2,pixelate,3,0.9911905785219126,0.9112731542217314,0.08872684577826861,1.2696546082036724,1.6203264291527322,True,True,0.05975618949678589,0.0413869074025192
blood,pretrained,2,pixelate,4,0.9911905785219126,0.863681441993382,0.13631855800661796,1.2696546082036724,1.6203264291527322,True,True,0.05975618949678589,0.0413869074025192
blood,pretrained,2,pixelate,5,0.9911905785219126,0.8880562667219343,0.11194373327806573,1.2696546082036724,1.6203264291527322,True,True,0.05975618949678589,0.0413869074025192
blood,pretrained,3,pixelate,1,0.9910253517357612,0.9740595505896155,0.025940449410384536,1.1357726461413635,1.4230296704958825,True,True,0.05975618949678589,0.0413869074025192
blood,pretrained,3,pixelate,2,0.9910253517357612,0.970018219949347,0.029981780050652995,1.1357726461413635,1.4230296704958825,True,True,0.05975618949678589,0.0413869074025192
blood,pretrained,3,pixelate,3,0.9910253517357612,0.9341580426018458,0.06584195739815424,1.1357726461413635,1.4230296704958825,True,True,0.05975618949678589,0.0413869074025192
blood,pretrained,3,pixelate,4,0.9910253517357612,0.8990260455375029,0.10097395446249713,1.1357726461413635,1.4230296704958825,True,True,0.05975618949678589,0.0413869074025192
blood,pretrained,3,pixelate,5,0.9910253517357612,0.8833909139812426,0.11660908601875741,1.1357726461413635,1.4230296704958825,True,True,0.05975618949678589,0.0413869074025192
blood,pretrained,4,pixelate,1,0.9920144566582404,0.9577463077566322,0.042253692243367835,1.4414518062139756,1.888281315169977,True,True,0.05975618949678589,0.0413869074025192
blood,pretrained,4,pixelate,2,0.9920144566582404,0.971143353081726,0.028856646918274054,1.4414518062139756,1.888281315169977,True,True,0.05975618949678589,0.0413869074025192
blood,pretrained,4,pixelate,3,0.9920144566582404,0.8942024759355531,0.10579752406444687,1.4414518062139756,1.888281315169977,True,True,0.05975618949678589,0.0413869074025192
blood,pretrained,4,pixelate,4,0.9920144566582404,0.8462828179126485,0.15371718208735152,1.4414518062139756,1.888281315169977,True,True,0.05975618949678589,0.0413869074025192
blood,pretrained,4,pixelate,5,0.9920144566582404,0.8999467089004072,0.10005329109959282,1.4414518062139756,1.888281315169977,True,True,0.05975618949678589,0.0413869074025192
blood,scratch,0,pixelate,1,0.986881642329062,0.9874555085941159,0.012544491405884095,0.26494112089054134,0.06556455470559816,True,True,0.05975618949678589,0.0413869074025192
blood,scratch,0,pixelate,2,0.986881642329062,0.9873399751433249,0.012660024856675056,0.26494112089054134,0.06556455470559816,True,True,0.05975618949678589,0.0413869074025192
blood,scratch,0,pixelate,3,0.986881642329062,0.9848862445144939,0.015113755485506086,0.26494112089054134,0.06556455470559816,True,True,0.05975618949678589,0.0413869074025192
blood,scratch,0,pixelate,4,0.986881642329062,0.9809877009950306,0.01901229900496937,0.26494112089054134,0.06556455470559816,True,True,0.05975618949678589,0.0413869074025192
blood,scratch,0,pixelate,5,0.986881642329062,0.9801712116259044,0.01982878837409563,0.26494112089054134,0.06556455470559816,True,True,0.05975618949678589,0.0413869074025192
blood,scratch,1,pixelate,1,0.9886038123934132,0.9860919250162844,0.013908074983715601,0.3896776139905149,0.2872759160778007,True,True,0.05975618949678589,0.0413869074025192
blood,scratch,1,pixelate,2,0.9886038123934132,0.9801697548600419,0.019830245139958125,0.3896776139905149,0.2872759160778007,True,True,0.05975618949678589,0.0413869074025192
blood,scratch,1,pixelate,3,0.9886038123934132,0.9818585825635175,0.018141417436482454,0.3896776139905149,0.2872759160778007,True,True,0.05975618949678589,0.0413869074025192
blood,scratch,1,pixelate,4,0.9886038123934132,0.9774692084752363,0.02253079152476367,0.3896776139905149,0.2872759160778007,True,True,0.05975618949678589,0.0413869074025192
blood,scratch,1,pixelate,5,0.9886038123934132,0.9579822823635569,0.04201771763644313,0.3896776139905149,0.2872759160778007,True,True,0.05975618949678589,0.0413869074025192
blood,scratch,2,pixelate,1,0.978331286151004,0.9748078329498597,0.02519216705014027,0.7481008639423208,0.5565756077258479,True,True,0.05975618949678589,0.0413869074025192
blood,scratch,2,pixelate,2,0.978331286151004,0.9707032300191127,0.02929676998088726,0.7481008639423208,0.5565756077258479,True,True,0.05975618949678589,0.0413869074025192
blood,scratch,2,pixelate,3,0.978331286151004,0.9652393926771332,0.03476060732286679,0.7481008639423208,0.5565756077258479,True,True,0.05975618949678589,0.0413869074025192
blood,scratch,2,pixelate,4,0.978331286151004,0.9438352310925235,0.05616476890747646,0.7481008639423208,0.5565756077258479,True,True,0.05975618949678589,0.0413869074025192
blood,scratch,2,pixelate,5,0.978331286151004,0.921896028319138,0.07810397168086203,0.7481008639423208,0.5565756077258479,True,True,0.05975618949678589,0.0413869074025192
blood,scratch,3,pixelate,1,0.9881007357017896,0.9856062468995765,0.014393753100423456,0.3092378500890445,0.15897808471885702,True,True,0.05975618949678589,0.0413869074025192
blood,scratch,3,pixelate,2,0.9881007357017896,0.9848758412150872,0.0151241587849128,0.3092378500890445,0.15897808471885702,True,True,0.05975618949678589,0.0413869074025192
blood,scratch,3,pixelate,3,0.9881007357017896,0.9835919823726645,0.01640801762733546,0.3092378500890445,0.15897808471885702,True,True,0.05975618949678589,0.0413869074025192
blood,scratch,3,pixelate,4,0.9881007357017896,0.9796934388532013,0.02030656114679874,0.3092378500890445,0.15897808471885702,True,True,0.05975618949678589,0.0413869074025192
blood,scratch,3,pixelate,5,0.9881007357017896,0.9738381128119724,0.02616188718802759,0.3092378500890445,0.15897808471885702,True,True,0.05975618949678589,0.0413869074025192
blood,scratch,4,pixelate,1,0.988147309202292,0.9872670275121511,0.012732972487848881,0.3081154472052607,0.15848283102151348,True,True,0.05975618949678589,0.0413869074025192
blood,scratch,4,pixelate,2,0.988147309202292,0.9858106584190285,0.014189341580971515,0.3081154472052607,0.15848283102151348,True,True,0.05975618949678589,0.0413869074025192
blood,scratch,4,pixelate,3,0.988147309202292,0.9840030265494966,0.015996973450503438,0.3081154472052607,0.15848283102151348,True,True,0.05975618949678589,0.0413869074025192
blood,scratch,4,pixelate,4,0.988147309202292,0.9779689479825584,0.0220310520174416,0.3081154472052607,0.15848283102151348,True,True,0.05975618949678589,0.0413869074025192
blood,scratch,4,pixelate,5,0.988147309202292,0.972891314286343,0.027108685713656988,0.3081154472052607,0.15848283102151348,True,True,0.05975618949678589,0.0413869074025192
blood,pretrained,0,jpeg_compression,1,0.9899915047646126,0.9874754499521952,0.012524550047804839,0.8622502117373696,0.910279685485724,True,False,0.13976187053705183,0.12139258844278514
blood,pretrained,0,jpeg_compression,2,0.9899915047646126,0.9866323052009391,0.013367694799060859,0.8622502117373696,0.910279685485724,True,False,0.13976187053705183,0.12139258844278514
blood,pretrained,0,jpeg_compression,3,0.9899915047646126,0.9546644082740934,0.04533559172590662,0.8622502117373696,0.910279685485724,True,False,0.13976187053705183,0.12139258844278514
blood,pretrained,0,jpeg_compression,4,0.9899915047646126,0.8471371156703369,0.1528628843296631,0.8622502117373696,0.910279685485724,True,False,0.13976187053705183,0.12139258844278514
blood,pretrained,0,jpeg_compression,5,0.9899915047646126,0.6215422085855166,0.37845779141448344,0.8622502117373696,0.910279685485724,True,False,0.13976187053705183,0.12139258844278514
blood,pretrained,1,jpeg_compression,1,0.9867345502282888,0.9798172310829041,0.020182768917095917,1.4064165267670812,1.509960015803369,True,False,0.13976187053705183,0.12139258844278514
blood,pretrained,1,jpeg_compression,2,0.9867345502282888,0.9656084668897921,0.03439153311020793,1.4064165267670812,1.509960015803369,True,False,0.13976187053705183,0.12139258844278514
blood,pretrained,1,jpeg_compression,3,0.9867345502282888,0.8710786808282459,0.1289213191717541,1.4064165267670812,1.509960015803369,True,False,0.13976187053705183,0.12139258844278514
blood,pretrained,1,jpeg_compression,4,0.9867345502282888,0.6618248146495223,0.33817518535047775,1.4064165267670812,1.509960015803369,True,False,0.13976187053705183,0.12139258844278514
blood,pretrained,1,jpeg_compression,5,0.9867345502282888,0.5388537838735813,0.4611462161264187,1.4064165267670812,1.509960015803369,True,False,0.13976187053705183,0.12139258844278514
blood,pretrained,2,jpeg_compression,1,0.9911905785219126,0.9850135889863216,0.014986411013678369,1.0094769240739914,1.0896625847699752,True,False,0.13976187053705183,0.12139258844278514
blood,pretrained,2,jpeg_compression,2,0.9911905785219126,0.9808321101930131,0.019167889806986915,1.0094769240739914,1.0896625847699752,True,False,0.13976187053705183,0.12139258844278514
blood,pretrained,2,jpeg_compression,3,0.9911905785219126,0.9127907264626052,0.08720927353739483,1.0094769240739914,1.0896625847699752,True,False,0.13976187053705183,0.12139258844278514
blood,pretrained,2,jpeg_compression,4,0.9911905785219126,0.7801584738510123,0.21984152614898766,1.0094769240739914,1.0896625847699752,True,False,0.13976187053705183,0.12139258844278514
blood,pretrained,2,jpeg_compression,5,0.9911905785219126,0.6357731846441954,0.3642268153558046,1.0094769240739914,1.0896625847699752,True,False,0.13976187053705183,0.12139258844278514
blood,pretrained,3,jpeg_compression,1,0.9910253517357612,0.9774686566992488,0.02253134330075124,1.3355747681846732,1.4637448781569438,True,False,0.13976187053705183,0.12139258844278514
blood,pretrained,3,jpeg_compression,2,0.9910253517357612,0.9632739842985116,0.03672601570148837,1.3355747681846732,1.4637448781569438,True,False,0.13976187053705183,0.12139258844278514
blood,pretrained,3,jpeg_compression,3,0.9910253517357612,0.8410297222188488,0.15897027778115125,1.3355747681846732,1.4637448781569438,True,False,0.13976187053705183,0.12139258844278514
blood,pretrained,3,jpeg_compression,4,0.9910253517357612,0.6891489486691096,0.3108510513308904,1.3355747681846732,1.4637448781569438,True,False,0.13976187053705183,0.12139258844278514
blood,pretrained,3,jpeg_compression,5,0.9910253517357612,0.5957665488963847,0.4042334511036153,1.3355747681846732,1.4637448781569438,True,False,0.13976187053705183,0.12139258844278514
blood,pretrained,4,jpeg_compression,1,0.9920144566582404,0.9886877278038173,0.011312272196182693,0.9328151485339933,1.008187141015882,True,False,0.13976187053705183,0.12139258844278514
blood,pretrained,4,jpeg_compression,2,0.9920144566582404,0.9812466044413003,0.018753395558699704,0.9328151485339933,1.008187141015882,True,False,0.13976187053705183,0.12139258844278514
blood,pretrained,4,jpeg_compression,3,0.9920144566582404,0.920412692916544,0.07958730708345596,0.9328151485339933,1.008187141015882,True,False,0.13976187053705183,0.12139258844278514
blood,pretrained,4,jpeg_compression,4,0.9920144566582404,0.7891676541126408,0.21083234588735922,0.9328151485339933,1.008187141015882,True,False,0.13976187053705183,0.12139258844278514
blood,pretrained,4,jpeg_compression,5,0.9920144566582404,0.6686253706036538,0.3313746293963462,0.9328151485339933,1.008187141015882,True,False,0.13976187053705183,0.12139258844278514
blood,scratch,0,jpeg_compression,1,0.986881642329062,0.9835434393350946,0.016456560664905417,0.479680030966133,0.44420027126758643,True,False,0.13976187053705183,0.12139258844278514
blood,scratch,0,jpeg_compression,2,0.986881642329062,0.9817348343168822,0.018265165683117757,0.479680030966133,0.44420027126758643,True,False,0.13976187053705183,0.12139258844278514
blood,scratch,0,jpeg_compression,3,0.986881642329062,0.9686496567548465,0.03135034324515351,0.479680030966133,0.44420027126758643,True,False,0.13976187053705183,0.12139258844278514
blood,scratch,0,jpeg_compression,4,0.986881642329062,0.9053687260614031,0.09463127393859694,0.479680030966133,0.44420027126758643,True,False,0.13976187053705183,0.12139258844278514
blood,scratch,0,jpeg_compression,5,0.986881642329062,0.8254984515962852,0.1745015484037148,0.479680030966133,0.44420027126758643,True,False,0.13976187053705183,0.12139258844278514
blood,scratch,1,jpeg_compression,1,0.9886038123934132,0.9853943469445589,0.014605653055441148,0.4397152231693262,0.4123747185007872,True,False,0.13976187053705183,0.12139258844278514
blood,scratch,1,jpeg_compression,2,0.9886038123934132,0.9824074067270009,0.017592593272999113,0.4397152231693262,0.4123747185007872,True,False,0.13976187053705183,0.12139258844278514
blood,scratch,1,jpeg_compression,3,0.9886038123934132,0.9679955834961671,0.0320044165038329,0.4397152231693262,0.4123747185007872,True,False,0.13976187053705183,0.12139258844278514
blood,scratch,1,jpeg_compression,4,0.9886038123934132,0.9185216510690325,0.0814783489309675,0.4397152231693262,0.4123747185007872,True,False,0.13976187053705183,0.12139258844278514
blood,scratch,1,jpeg_compression,5,0.9886038123934132,0.8384039012944295,0.16159609870557046,0.4397152231693262,0.4123747185007872,True,False,0.13976187053705183,0.12139258844278514
blood,scratch,2,jpeg_compression,1,0.978331286151004,0.9741358318089304,0.025864168191069625,0.3934582570161661,0.2744957378146414,True,False,0.13976187053705183,0.12139258844278514
blood,scratch,2,jpeg_compression,2,0.978331286151004,0.9708899061412495,0.02911009385875052,0.3934582570161661,0.2744957378146414,True,False,0.13976187053705183,0.12139258844278514
blood,scratch,2,jpeg_compression,3,0.978331286151004,0.9592698799673165,0.0407301200326835,0.3934582570161661,0.2744957378146414,True,False,0.13976187053705183,0.12139258844278514
blood,scratch,2,jpeg_compression,4,0.978331286151004,0.9376351512596199,0.06236484874038006,0.3934582570161661,0.2744957378146414,True,False,0.13976187053705183,0.12139258844278514
blood,scratch,2,jpeg_compression,5,0.978331286151004,0.8831169209287464,0.11688307907125361,0.3934582570161661,0.2744957378146414,True,False,0.13976187053705183,0.12139258844278514
blood,scratch,3,jpeg_compression,1,0.9881007357017896,0.984594682904252,0.015405317095747995,0.5121051513119539,0.49157457078966227,True,False,0.13976187053705183,0.12139258844278514
blood,scratch,3,jpeg_compression,2,0.9881007357017896,0.9842559765243182,0.015744023475681823,0.5121051513119539,0.49157457078966227,True,False,0.13976187053705183,0.12139258844278514
blood,scratch,3,jpeg_compression,3,0.9881007357017896,0.9706824068811616,0.029317593118838414,0.5121051513119539,0.49157457078966227,True,False,0.13976187053705183,0.12139258844278514
blood,scratch,3,jpeg_compression,4,0.9881007357017896,0.8957321473273674,0.10426785267263261,0.5121051513119539,0.49157457078966227,True,False,0.13976187053705183,0.12139258844278514
blood,scratch,3,jpeg_compression,5,0.9881007357017896,0.8068709170678077,0.19312908293219233,0.5121051513119539,0.49157457078966227,True,False,0.13976187053705183,0.12139258844278514
blood,scratch,4,jpeg_compression,1,0.988147309202292,0.9806987680364969,0.019301231963503085,0.48101780894613794,0.4561667120916362,True,False,0.13976187053705183,0.12139258844278514
blood,scratch,4,jpeg_compression,2,0.988147309202292,0.9763955745477075,0.023604425452292466,0.48101780894613794,0.4561667120916362,True,False,0.13976187053705183,0.12139258844278514
blood,scratch,4,jpeg_compression,3,0.988147309202292,0.963476700433582,0.03652329956641798,0.48101780894613794,0.4561667120916362,True,False,0.13976187053705183,0.12139258844278514
blood,scratch,4,jpeg_compression,4,0.988147309202292,0.9012789553627213,0.09872104463727871,0.48101780894613794,0.4561667120916362,True,False,0.13976187053705183,0.12139258844278514
blood,scratch,4,jpeg_compression,5,0.988147309202292,0.8420102579197599,0.15798974208024008,0.48101780894613794,0.4561667120916362,True,False,0.13976187053705183,0.12139258844278514
blood,pretrained,0,defocus_blur,1,0.9899915047646126,0.9846518428635829,0.015348157136417129,0.3356597206130622,0.3169723115703932,True,False,0.22399795597780647,0.20562867388353978
blood,pretrained,0,defocus_blur,2,0.9899915047646126,0.9758983455652062,0.02410165443479384,0.3356597206130622,0.3169723115703932,True,False,0.22399795597780647,0.20562867388353978
blood,pretrained,0,defocus_blur,3,0.9899915047646126,0.9557635430075968,0.044236456992403195,0.3356597206130622,0.3169723115703932,True,False,0.22399795597780647,0.20562867388353978
blood,pretrained,0,defocus_blur,4,0.9899915047646126,0.8988383448887198,0.10116165511128017,0.3356597206130622,0.3169723115703932,True,False,0.22399795597780647,0.20562867388353978
blood,pretrained,0,defocus_blur,5,0.9899915047646126,0.8089124670678567,0.1910875329321433,0.3356597206130622,0.3169723115703932,True,False,0.22399795597780647,0.20562867388353978
blood,pretrained,1,defocus_blur,1,0.9867345502282888,0.979145610788839,0.020854389211161006,0.44499808944948094,0.42023911863548163,True,False,0.22399795597780647,0.20562867388353978
blood,pretrained,1,defocus_blur,2,0.9867345502282888,0.9621039488976255,0.037896051102374484,0.44499808944948094,0.42023911863548163,True,False,0.22399795597780647,0.20562867388353978
blood,pretrained,1,defocus_blur,3,0.9867345502282888,0.939727103479119,0.06027289652088097,0.44499808944948094,0.42023911863548163,True,False,0.22399795597780647,0.20562867388353978
blood,pretrained,1,defocus_blur,4,0.9867345502282888,0.8667506511380204,0.1332493488619796,0.44499808944948094,0.42023911863548163,True,False,0.22399795597780647,0.20562867388353978
blood,pretrained,1,defocus_blur,5,0.9867345502282888,0.753879373442832,0.24612062655716804,0.44499808944948094,0.42023911863548163,True,False,0.22399795597780647,0.20562867388353978
blood,pretrained,2,defocus_blur,1,0.9911905785219126,0.9813914340740972,0.018608565925902765,0.28791078665820524,0.27078911314114223,True,False,0.22399795597780647,0.20562867388353978
blood,pretrained,2,defocus_blur,2,0.9911905785219126,0.9674595139799567,0.032540486020043335,0.28791078665820524,0.27078911314114223,True,False,0.22399795597780647,0.20562867388353978
blood,pretrained,2,defocus_blur,3,0.9911905785219126,0.9514143595177929,0.04858564048220715,0.28791078665820524,0.27078911314114223,True,False,0.22399795597780647,0.20562867388353978
blood,pretrained,2,defocus_blur,4,0.9911905785219126,0.9141041063124219,0.0858958936875781,0.28791078665820524,0.27078911314114223,True,False,0.22399795597780647,0.20562867388353978
blood,pretrained,2,defocus_blur,5,0.9911905785219126,0.8631734475387299,0.13682655246127007,0.28791078665820524,0.27078911314114223,True,False,0.22399795597780647,0.20562867388353978
blood,pretrained,3,defocus_blur,1,0.9910253517357612,0.9844177285490049,0.015582271450995111,0.3048940599601117,0.28848602111881616,True,False,0.22399795597780647,0.20562867388353978
blood,pretrained,3,defocus_blur,2,0.9910253517357612,0.9718423580938909,0.028157641906109143,0.3048940599601117,0.28848602111881616,True,False,0.22399795597780647,0.20562867388353978
blood,pretrained,3,defocus_blur,3,0.9910253517357612,0.9533718285085189,0.04662817149148113,0.3048940599601117,0.28848602111881616,True,False,0.22399795597780647,0.20562867388353978
blood,pretrained,3,defocus_blur,4,0.9910253517357612,0.9008289976072328,0.09917100239276722,0.3048940599601117,0.28848602111881616,True,False,0.22399795597780647,0.20562867388353978
blood,pretrained,3,defocus_blur,5,0.9910253517357612,0.8480608561371537,0.15193914386284635,0.3048940599601117,0.28848602111881616,True,False,0.22399795597780647,0.20562867388353978
blood,pretrained,4,defocus_blur,1,0.9920144566582404,0.9803826766561932,0.019617323343806836,0.3022020391106888,0.29036366662159013,True,False,0.22399795597780647,0.20562867388353978
blood,pretrained,4,defocus_blur,2,0.9920144566582404,0.9675486324158353,0.03245136758416467,0.3022020391106888,0.29036366662159013,True,False,0.22399795597780647,0.20562867388353978
blood,pretrained,4,defocus_blur,3,0.9920144566582404,0.9449324347749328,0.05506756522506717,0.3022020391106888,0.29036366662159013,True,False,0.22399795597780647,0.20562867388353978
blood,pretrained,4,defocus_blur,4,0.9920144566582404,0.910297883011691,0.08970211698830899,0.3022020391106888,0.29036366662159013,True,False,0.22399795597780647,0.20562867388353978
blood,pretrained,4,defocus_blur,5,0.9920144566582404,0.8583751778757506,0.14162482212424943,0.3022020391106888,0.29036366662159013,True,False,0.22399795597780647,0.20562867388353978
blood,scratch,0,defocus_blur,1,0.986881642329062,0.9791699540151317,0.020830045984868262,0.43077017580149396,0.40545552149996544,True,False,0.22399795597780647,0.20562867388353978
blood,scratch,0,defocus_blur,2,0.986881642329062,0.9512369462241475,0.04876305377585255,0.43077017580149396,0.40545552149996544,True,False,0.22399795597780647,0.20562867388353978
blood,scratch,0,defocus_blur,3,0.986881642329062,0.904349988145026,0.09565001185497402,0.43077017580149396,0.40545552149996544,True,False,0.22399795597780647,0.20562867388353978
blood,scratch,0,defocus_blur,4,0.986881642329062,0.8531995769036519,0.1468004230963481,0.43077017580149396,0.40545552149996544,True,False,0.22399795597780647,0.20562867388353978
blood,scratch,0,defocus_blur,5,0.986881642329062,0.829585340333368,0.17041465966663205,0.43077017580149396,0.40545552149996544,True,False,0.22399795597780647,0.20562867388353978
blood,scratch,1,defocus_blur,1,0.9886038123934132,0.9698246204593803,0.030175379540619662,0.6616375403419965,0.6653219438923553,True,False,0.22399795597780647,0.20562867388353978
blood,scratch,1,defocus_blur,2,0.9886038123934132,0.8956100966722467,0.10438990332775333,0.6616375403419965,0.6653219438923553,True,False,0.22399795597780647,0.20562867388353978
blood,scratch,1,defocus_blur,3,0.9886038123934132,0.8260838581121368,0.1739161418878632,0.6616375403419965,0.6653219438923553,True,False,0.22399795597780647,0.20562867388353978
blood,scratch,1,defocus_blur,4,0.9886038123934132,0.7905789012102161,0.20942109878978388,0.6616375403419965,0.6653219438923553,True,False,0.22399795597780647,0.20562867388353978
blood,scratch,1,defocus_blur,5,0.9886038123934132,0.7768752403720667,0.22312475962793332,0.6616375403419965,0.6653219438923553,True,False,0.22399795597780647,0.20562867388353978
blood,scratch,2,defocus_blur,1,0.978331286151004,0.9435237647123816,0.05647623528761836,0.984495172267738,0.9670645083361296,True,False,0.22399795597780647,0.20562867388353978
blood,scratch,2,defocus_blur,2,0.978331286151004,0.848256549933909,0.15174345006609102,0.984495172267738,0.9670645083361296,True,False,0.22399795597780647,0.20562867388353978
blood,scratch,2,defocus_blur,3,0.978331286151004,0.7587198060461011,0.24128019395389888,0.984495172267738,0.9670645083361296,True,False,0.22399795597780647,0.20562867388353978
blood,scratch,2,defocus_blur,4,0.978331286151004,0.6951664525100065,0.3048335474899935,0.984495172267738,0.9670645083361296,True,False,0.22399795597780647,0.20562867388353978
blood,scratch,2,defocus_blur,5,0.978331286151004,0.6517088955076431,0.3482911044923569,0.984495172267738,0.9670645083361296,True,False,0.22399795597780647,0.20562867388353978
blood,scratch,3,defocus_blur,1,0.9881007357017896,0.9743152852932746,0.025684714706725398,0.5328317100502553,0.522563062844357,True,False,0.22399795597780647,0.20562867388353978
blood,scratch,3,defocus_blur,2,0.9881007357017896,0.9278545990331559,0.07214540096684408,0.5328317100502553,0.522563062844357,True,False,0.22399795597780647,0.20562867388353978
blood,scratch,3,defocus_blur,3,0.9881007357017896,0.8588395377065581,0.14116046229344192,0.5328317100502553,0.522563062844357,True,False,0.22399795597780647,0.20562867388353978
blood,scratch,3,defocus_blur,4,0.9881007357017896,0.824734584819825,0.17526541518017502,0.5328317100502553,0.522563062844357,True,False,0.22399795597780647,0.20562867388353978
blood,scratch,3,defocus_blur,5,0.9881007357017896,0.8174899234901043,0.1825100765098957,0.5328317100502553,0.522563062844357,True,False,0.22399795597780647,0.20562867388353978
blood,scratch,4,defocus_blur,1,0.988147309202292,0.9767733939627006,0.023226606037299424,0.5306705299778265,0.5204353128085356,True,False,0.22399795597780647,0.20562867388353978
blood,scratch,4,defocus_blur,2,0.988147309202292,0.930606069137152,0.06939393086284795,0.5306705299778265,0.5204353128085356,True,False,0.22399795597780647,0.20562867388353978
blood,scratch,4,defocus_blur,3,0.988147309202292,0.8682560011406967,0.13174399885930332,0.5306705299778265,0.5204353128085356,True,False,0.22399795597780647,0.20562867388353978
blood,scratch,4,defocus_blur,4,0.988147309202292,0.8207351015727697,0.17926489842723026,0.5306705299778265,0.5204353128085356,True,False,0.22399795597780647,0.20562867388353978
blood,scratch,4,defocus_blur,5,0.988147309202292,0.809283864123219,0.19071613587678105,0.5306705299778265,0.5204353128085356,True,False,0.22399795597780647,0.20562867388353978
blood,pretrained,0,motion_blur,1,0.9899915047646126,0.9860543026906197,0.013945697309380334,0.29471568884214594,0.26706127114584427,True,False,0.1845192137218041,0.1661499316275374
blood,pretrained,0,motion_blur,2,0.9899915047646126,0.973906335051,0.026093664949000006,0.29471568884214594,0.26706127114584427,True,False,0.1845192137218041,0.1661499316275374
blood,pretrained,0,motion_blur,3,0.9899915047646126,0.9654709691716765,0.03452903082832348,0.29471568884214594,0.26706127114584427,True,False,0.1845192137218041,0.1661499316275374
blood,pretrained,0,motion_blur,4,0.9899915047646126,0.928810222719135,0.07118977728086495,0.29471568884214594,0.26706127114584427,True,False,0.1845192137218041,0.1661499316275374
blood,pretrained,0,motion_blur,5,0.9899915047646126,0.8738546344844056,0.1261453655155944,0.29471568884214594,0.26706127114584427,True,False,0.1845192137218041,0.1661499316275374
blood,pretrained,1,motion_blur,1,0.9867345502282888,0.9810661884391432,0.018933811560856828,0.3166952113684308,0.2718683130169022,True,False,0.1845192137218041,0.1661499316275374
blood,pretrained,1,motion_blur,2,0.9867345502282888,0.9645352718204179,0.03546472817958213,0.3166952113684308,0.2718683130169022,True,False,0.1845192137218041,0.1661499316275374
blood,pretrained,1,motion_blur,3,0.9867345502282888,0.9581308468342319,0.041869153165768114,0.3166952113684308,0.2718683130169022,True,False,0.1845192137218041,0.1661499316275374
blood,pretrained,1,motion_blur,4,0.9867345502282888,0.9202338353988144,0.07976616460118557,0.3166952113684308,0.2718683130169022,True,False,0.1845192137218041,0.1661499316275374
blood,pretrained,1,motion_blur,5,0.9867345502282888,0.8838521005515756,0.11614789944842441,0.3166952113684308,0.2718683130169022,True,False,0.1845192137218041,0.1661499316275374
blood,pretrained,2,motion_blur,1,0.9911905785219126,0.983790265972933,0.016209734027067046,0.24865041933671475,0.22311991360083083,True,False,0.1845192137218041,0.1661499316275374
blood,pretrained,2,motion_blur,2,0.9911905785219126,0.9753115903583698,0.024688409641630216,0.24865041933671475,0.22311991360083083,True,False,0.1845192137218041,0.1661499316275374
blood,pretrained,2,motion_blur,3,0.9911905785219126,0.9746327913270043,0.02536720867299569,0.24865041933671475,0.22311991360083083,True,False,0.1845192137218041,0.1661499316275374
blood,pretrained,2,motion_blur,4,0.9911905785219126,0.9419862661839535,0.058013733816046464,0.24865041933671475,0.22311991360083083,True,False,0.1845192137218041,0.1661499316275374
blood,pretrained,2,motion_blur,5,0.9911905785219126,0.894875186819702,0.10512481318029798,0.24865041933671475,0.22311991360083083,True,False,0.1845192137218041,0.1661499316275374
blood,pretrained,3,motion_blur,1,0.9910253517357612,0.9801410833110011,0.019858916688998862,0.3579127958381777,0.34346772728575814,True,False,0.1845192137218041,0.1661499316275374
blood,pretrained,3,motion_blur,2,0.9910253517357612,0.9619651840571561,0.03803481594284386,0.3579127958381777,0.34346772728575814,True,False,0.1845192137218041,0.1661499316275374
blood,pretrained,3,motion_blur,3,0.9910253517357612,0.951551984597538,0.04844801540246202,0.3579127958381777,0.34346772728575814,True,False,0.1845192137218041,0.1661499316275374
blood,pretrained,3,motion_blur,4,0.9910253517357612,0.9081277321271821,0.09187226787281788,0.3579127958381777,0.34346772728575814,True,False,0.1845192137218041,0.1661499316275374
blood,pretrained,3,motion_blur,5,0.9910253517357612,0.8680050775619569,0.13199492243804312,0.3579127958381777,0.34346772728575814,True,False,0.1845192137218041,0.1661499316275374
blood,pretrained,4,motion_blur,1,0.9920144566582404,0.9809933544092979,0.019006645590702087,0.2738845822402182,0.25610256957022937,True,False,0.1845192137218041,0.1661499316275374
blood,pretrained,4,motion_blur,2,0.9920144566582404,0.9676858294825849,0.03231417051741514,0.2738845822402182,0.25610256957022937,True,False,0.1845192137218041,0.1661499316275374
blood,pretrained,4,motion_blur,3,0.9920144566582404,0.9618478005192167,0.0381521994807833,0.2738845822402182,0.25610256957022937,True,False,0.1845192137218041,0.1661499316275374
blood,pretrained,4,motion_blur,4,0.9920144566582404,0.935685585992571,0.06431441400742899,0.2738845822402182,0.25610256957022937,True,False,0.1845192137218041,0.1661499316275374
blood,pretrained,4,motion_blur,5,0.9920144566582404,0.9011025907688802,0.09889740923111978,0.2738845822402182,0.25610256957022937,True,False,0.1845192137218041,0.1661499316275374
blood,scratch,0,motion_blur,1,0.986881642329062,0.9782484462081658,0.021751553791834244,0.4405636098852347,0.41031670944260584,True,False,0.1845192137218041,0.1661499316275374
blood,scratch,0,motion_blur,2,0.986881642329062,0.9455843800049408,0.05441561999505917,0.4405636098852347,0.41031670944260584,True,False,0.1845192137218041,0.1661499316275374
blood,scratch,0,motion_blur,3,0.986881642329062,0.9339688360727573,0.06603116392724273,0.4405636098852347,0.41031670944260584,True,False,0.1845192137218041,0.1661499316275374
blood,scratch,0,motion_blur,4,0.986881642329062,0.8803300620143092,0.11966993798569081,0.4405636098852347,0.41031670944260584,True,False,0.1845192137218041,0.1661499316275374
blood,scratch,0,motion_blur,5,0.986881642329062,0.8554060212475112,0.1445939787524888,0.4405636098852347,0.41031670944260584,True,False,0.1845192137218041,0.1661499316275374
blood,scratch,1,motion_blur,1,0.9886038123934132,0.963111473629547,0.036888526370453034,0.693451472394145,0.7015286235272209,True,False,0.1845192137218041,0.1661499316275374
blood,scratch,1,motion_blur,2,0.9886038123934132,0.8905403280744745,0.10945967192552553,0.693451472394145,0.7015286235272209,True,False,0.1845192137218041,0.1661499316275374
blood,scratch,1,motion_blur,3,0.9886038123934132,0.8748009462241206,0.12519905377587937,0.693451472394145,0.7015286235272209,True,False,0.1845192137218041,0.1661499316275374
blood,scratch,1,motion_blur,4,0.9886038123934132,0.8263823228954916,0.17361767710450837,0.693451472394145,0.7015286235272209,True,False,0.1845192137218041,0.1661499316275374
blood,scratch,1,motion_blur,5,0.9886038123934132,0.8053893269743915,0.19461067302560853,0.693451472394145,0.7015286235272209,True,False,0.1845192137218041,0.1661499316275374
blood,scratch,2,motion_blur,1,0.978331286151004,0.9349497999855185,0.06505020001448147,0.921957635096539,0.8934712317343345,True,False,0.1845192137218041,0.1661499316275374
blood,scratch,2,motion_blur,2,0.978331286151004,0.8505383941684032,0.14946160583159684,0.921957635096539,0.8934712317343345,True,False,0.1845192137218041,0.1661499316275374
blood,scratch,2,motion_blur,3,0.978331286151004,0.8361248634389371,0.1638751365610629,0.921957635096539,0.8934712317343345,True,False,0.1845192137218041,0.1661499316275374
blood,scratch,2,motion_blur,4,0.978331286151004,0.7785052719381947,0.22149472806180526,0.921957635096539,0.8934712317343345,True,False,0.1845192137218041,0.1661499316275374
blood,scratch,2,motion_blur,5,0.978331286151004,0.7492871809048096,0.2507128190951904,0.921957635096539,0.8934712317343345,True,False,0.1845192137218041,0.1661499316275374
blood,scratch,3,motion_blur,1,0.9881007357017896,0.9723123568206724,0.027687643179327592,0.5974476013198773,0.5918828637123092,True,False,0.1845192137218041,0.1661499316275374
blood,scratch,3,motion_blur,2,0.9881007357017896,0.912818052571809,0.08718194742819096,0.5974476013198773,0.5918828637123092,True,False,0.1845192137218041,0.1661499316275374
blood,scratch,3,motion_blur,3,0.9881007357017896,0.8990432419130067,0.10095675808699334,0.5974476013198773,0.5918828637123092,True,False,0.1845192137218041,0.1661499316275374
blood,scratch,3,motion_blur,4,0.9881007357017896,0.8411623065089484,0.1588376934910516,0.5974476013198773,0.5918828637123092,True,False,0.1845192137218041,0.1661499316275374
blood,scratch,3,motion_blur,5,0.9881007357017896,0.8234612340079552,0.17653876599204477,0.5974476013198773,0.5918828637123092,True,False,0.1845192137218041,0.1661499316275374
blood,scratch,4,motion_blur,1,0.988147309202292,0.9726274634180734,0.02737253658192662,0.5609013509195923,0.5515764258929365,True,False,0.1845192137218041,0.1661499316275374
blood,scratch,4,motion_blur,2,0.988147309202292,0.9239937014634128,0.07600629853658725,0.5609013509195923,0.5515764258929365,True,False,0.1845192137218041,0.1661499316275374
blood,scratch,4,motion_blur,3,0.988147309202292,0.9070192534321597,0.09298074656784028,0.5609013509195923,0.5515764258929365,True,False,0.1845192137218041,0.1661499316275374
blood,scratch,4,motion_blur,4,0.988147309202292,0.8520572824764967,0.1479427175235033,0.5609013509195923,0.5515764258929365,True,False,0.1845192137218041,0.1661499316275374
blood,scratch,4,motion_blur,5,0.988147309202292,0.8268169179739531,0.17318308202604693,0.5609013509195923,0.5515764258929365,True,False,0.1845192137218041,0.1661499316275374
blood,pretrained,0,brightness_up,1,0.9899915047646126,0.9836164223241137,0.016383577675886274,1.2602116861240127,1.5173999247114562,True,False,0.06946294328845175,0.051093661194185055
blood,pretrained,0,brightness_up,2,0.9899915047646126,0.9591780051566174,0.04082199484338256,1.2602116861240127,1.5173999247114562,True,False,0.06946294328845175,0.051093661194185055
blood,pretrained,0,brightness_up,3,0.9899915047646126,0.9057476111880626,0.09425238881193743,1.2602116861240127,1.5173999247114562,True,False,0.06946294328845175,0.051093661194185055
blood,pretrained,0,brightness_up,4,0.9899915047646126,0.8710984631054495,0.12890153689455053,1.2602116861240127,1.5173999247114562,True,False,0.06946294328845175,0.051093661194185055
blood,pretrained,0,brightness_up,5,0.9899915047646126,0.8426694338023746,0.15733056619762542,1.2602116861240127,1.5173999247114562,True,False,0.06946294328845175,0.051093661194185055
blood,pretrained,1,brightness_up,1,0.9867345502282888,0.9799705333023631,0.020029466697636944,1.4305811976165919,1.68527619308,True,False,0.06946294328845175,0.051093661194185055
blood,pretrained,1,brightness_up,2,0.9867345502282888,0.9473752138890312,0.05262478611096877,1.4305811976165919,1.68527619308,True,False,0.06946294328845175,0.051093661194185055
blood,pretrained,1,brightness_up,3,0.9867345502282888,0.9001929087529059,0.09980709124709408,1.4305811976165919,1.68527619308,True,False,0.06946294328845175,0.051093661194185055
blood,pretrained,1,brightness_up,4,0.9867345502282888,0.8565608414428327,0.14343915855716727,1.4305811976165919,1.68527619308,True,False,0.06946294328845175,0.051093661194185055
blood,pretrained,1,brightness_up,5,0.9867345502282888,0.8190385996150336,0.18096140038496644,1.4305811976165919,1.68527619308,True,False,0.06946294328845175,0.051093661194185055
blood,pretrained,2,brightness_up,1,0.9911905785219126,0.9846946820736349,0.015305317926365136,1.2271905165130783,1.4959750776929135,True,False,0.06946294328845175,0.051093661194185055
blood,pretrained,2,brightness_up,2,0.9911905785219126,0.9627036738514434,0.0372963261485566,1.2271905165130783,1.4959750776929135,True,False,0.06946294328845175,0.051093661194185055
blood,pretrained,2,brightness_up,3,0.9911905785219126,0.9123344783578471,0.08766552164215291,1.2271905165130783,1.4959750776929135,True,False,0.06946294328845175,0.051093661194185055
blood,pretrained,2,brightness_up,4,0.9911905785219126,0.8753636052844742,0.12463639471552579,1.2271905165130783,1.4959750776929135,True,False,0.06946294328845175,0.051093661194185055
blood,pretrained,2,brightness_up,5,0.9911905785219126,0.8386822341692316,0.1613177658307684,1.2271905165130783,1.4959750776929135,True,False,0.06946294328845175,0.051093661194185055
blood,pretrained,3,brightness_up,1,0.9910253517357612,0.9847449897363485,0.015255010263651503,0.7874495429086953,0.8949038610399873,True,False,0.06946294328845175,0.051093661194185055
blood,pretrained,3,brightness_up,2,0.9910253517357612,0.9697135170161171,0.030286482983882923,0.7874495429086953,0.8949038610399873,True,False,0.06946294328845175,0.051093661194185055
blood,pretrained,3,brightness_up,3,0.9910253517357612,0.9453105825181134,0.054689417481886604,0.7874495429086953,0.8949038610399873,True,False,0.06946294328845175,0.051093661194185055
blood,pretrained,3,brightness_up,4,0.9910253517357612,0.9229295887787957,0.07707041122120428,0.7874495429086953,0.8949038610399873,True,False,0.06946294328845175,0.051093661194185055
blood,pretrained,3,brightness_up,5,0.9910253517357612,0.9038085072427056,0.09619149275729444,0.7874495429086953,0.8949038610399873,True,False,0.06946294328845175,0.051093661194185055
blood,pretrained,4,brightness_up,1,0.9920144566582404,0.9848422297208919,0.01515777027910814,1.1258237021439468,1.3742895496604497,True,False,0.06946294328845175,0.051093661194185055
blood,pretrained,4,brightness_up,2,0.9920144566582404,0.9606516780581988,0.039348321941801156,1.1258237021439468,1.3742895496604497,True,False,0.06946294328845175,0.051093661194185055
blood,pretrained,4,brightness_up,3,0.9920144566582404,0.916759286154897,0.08324071384510301,1.1258237021439468,1.3742895496604497,True,False,0.06946294328845175,0.051093661194185055
blood,pretrained,4,brightness_up,4,0.9920144566582404,0.8856789156974942,0.11432108430250576,1.1258237021439468,1.3742895496604497,True,False,0.06946294328845175,0.051093661194185055
blood,pretrained,4,brightness_up,5,0.9920144566582404,0.8610527504944192,0.1389472495055808,1.1258237021439468,1.3742895496604497,True,False,0.06946294328845175,0.051093661194185055
blood,scratch,0,brightness_up,1,0.986881642329062,0.8849474082291483,0.1150525917708517,6.6011707476899835,8.71768397884806,True,False,0.06946294328845175,0.051093661194185055
blood,scratch,0,brightness_up,2,0.986881642329062,0.6938144077436021,0.30618559225639785,6.6011707476899835,8.71768397884806,True,False,0.06946294328845175,0.051093661194185055
blood,scratch,0,brightness_up,3,0.986881642329062,0.4187405837065726,0.5812594162934275,6.6011707476899835,8.71768397884806,True,False,0.06946294328845175,0.051093661194185055
blood,scratch,0,brightness_up,4,0.986881642329062,0.37026689039063637,0.6297331096093637,6.6011707476899835,8.71768397884806,True,False,0.06946294328845175,0.051093661194185055
blood,scratch,0,brightness_up,5,0.986881642329062,0.3395469635091612,0.6604530364908388,6.6011707476899835,8.71768397884806,True,False,0.06946294328845175,0.051093661194185055
blood,scratch,1,brightness_up,1,0.9886038123934132,0.8693266327758085,0.13067336722419154,7.809930362723134,10.394725096083981,True,False,0.06946294328845175,0.051093661194185055
blood,scratch,1,brightness_up,2,0.9886038123934132,0.5287102111955474,0.4712897888044526,7.809930362723134,10.394725096083981,True,False,0.06946294328845175,0.051093661194185055
blood,scratch,1,brightness_up,3,0.9886038123934132,0.3271347799254541,0.672865220074546,7.809930362723134,10.394725096083981,True,False,0.06946294328845175,0.051093661194185055
blood,scratch,1,brightness_up,4,0.9886038123934132,0.2928329397902375,0.7071670602097625,7.809930362723134,10.394725096083981,True,False,0.06946294328845175,0.051093661194185055
blood,scratch,1,brightness_up,5,0.9886038123934132,0.2694916869499801,0.7305083130500198,7.809930362723134,10.394725096083981,True,False,0.06946294328845175,0.051093661194185055
blood,scratch,2,brightness_up,1,0.978331286151004,0.7681664772683794,0.2318335227316206,6.924899414579318,8.990453428622939,True,False,0.06946294328845175,0.051093661194185055
blood,scratch,2,brightness_up,2,0.978331286151004,0.6236014184234308,0.37639858157656925,6.924899414579318,8.990453428622939,True,False,0.06946294328845175,0.051093661194185055
blood,scratch,2,brightness_up,3,0.978331286151004,0.45424099542554863,0.5457590045744514,6.924899414579318,8.990453428622939,True,False,0.06946294328845175,0.051093661194185055
blood,scratch,2,brightness_up,4,0.978331286151004,0.3948705264617347,0.6051294735382653,6.924899414579318,8.990453428622939,True,False,0.06946294328845175,0.051093661194185055
blood,scratch,2,brightness_up,5,0.978331286151004,0.35400110585512723,0.6459988941448728,6.924899414579318,8.990453428622939,True,False,0.06946294328845175,0.051093661194185055
blood,scratch,3,brightness_up,1,0.9881007357017896,0.7823028140378857,0.2176971859621143,8.490011947397095,11.309464630572915,True,False,0.06946294328845175,0.051093661194185055
blood,scratch,3,brightness_up,2,0.9881007357017896,0.46074309638253713,0.5392569036174628,8.490011947397095,11.309464630572915,True,False,0.06946294328845175,0.051093661194185055
blood,scratch,3,brightness_up,3,0.9881007357017896,0.29484257297661026,0.7051574270233898,8.490011947397095,11.309464630572915,True,False,0.06946294328845175,0.051093661194185055
blood,scratch,3,brightness_up,4,0.9881007357017896,0.2658723511029715,0.7341276488970285,8.490011947397095,11.309464630572915,True,False,0.06946294328845175,0.051093661194185055
blood,scratch,3,brightness_up,5,0.9881007357017896,0.2475330733983842,0.7524669266016157,8.490011947397095,11.309464630572915,True,False,0.06946294328845175,0.051093661194185055
blood,scratch,4,brightness_up,1,0.988147309202292,0.9268467570643719,0.07315324293562808,6.255299816129212,8.272236432147492,True,False,0.06946294328845175,0.051093661194185055
blood,scratch,4,brightness_up,2,0.988147309202292,0.7366934946954593,0.2633065053045407,6.255299816129212,8.272236432147492,True,False,0.06946294328845175,0.051093661194185055
blood,scratch,4,brightness_up,3,0.988147309202292,0.4934349867394493,0.5065650132605507,6.255299816129212,8.272236432147492,True,False,0.06946294328845175,0.051093661194185055
blood,scratch,4,brightness_up,4,0.988147309202292,0.376412502397979,0.623587497602021,6.255299816129212,8.272236432147492,True,False,0.06946294328845175,0.051093661194185055
blood,scratch,4,brightness_up,5,0.988147309202292,0.2940545772025097,0.7059454227974903,6.255299816129212,8.272236432147492,True,False,0.06946294328845175,0.051093661194185055
blood,pretrained,0,brightness_down,1,0.9899915047646126,0.9855309797654032,0.014469020234596841,3.7970710521955597,4.782270241699675,True,False,0.0790077546902872,0.06063847259602051
blood,pretrained,0,brightness_down,2,0.9899915047646126,0.9491368499978836,0.050863150002116386,3.7970710521955597,4.782270241699675,True,False,0.0790077546902872,0.06063847259602051
blood,pretrained,0,brightness_down,3,0.9899915047646126,0.7889452897797267,0.21105471022027333,3.7970710521955597,4.782270241699675,True,False,0.0790077546902872,0.06063847259602051
blood,pretrained,0,brightness_down,4,0.9899915047646126,0.5074836477778947,0.4925163522221053,3.7970710521955597,4.782270241699675,True,False,0.0790077546902872,0.06063847259602051
blood,pretrained,0,brightness_down,5,0.9899915047646126,0.26891294151180434,0.7310870584881957,3.7970710521955597,4.782270241699675,True,False,0.0790077546902872,0.06063847259602051
blood,pretrained,1,brightness_down,1,0.9867345502282888,0.9694746521102349,0.03052534788976513,6.182750921336332,7.836935826176531,True,False,0.0790077546902872,0.06063847259602051
blood,pretrained,1,brightness_down,2,0.9867345502282888,0.8062591882908894,0.19374081170911062,6.182750921336332,7.836935826176531,True,False,0.0790077546902872,0.06063847259602051
blood,pretrained,1,brightness_down,3,0.9867345502282888,0.43170816131424455,0.5682918386857554,6.182750921336332,7.836935826176531,True,False,0.0790077546902872,0.06063847259602051
blood,pretrained,1,brightness_down,4,0.9867345502282888,0.2013581576650941,0.7986418423349059,6.182750921336332,7.836935826176531,True,False,0.0790077546902872,0.06063847259602051
blood,pretrained,1,brightness_down,5,0.9867345502282888,0.14877350009909682,0.8512264999009032,6.182750921336332,7.836935826176531,True,False,0.0790077546902872,0.06063847259602051
blood,pretrained,2,brightness_down,1,0.9911905785219126,0.9847254766685671,0.015274523331432865,5.3965595042444185,6.886067707981757,True,False,0.0790077546902872,0.06063847259602051
blood,pretrained,2,brightness_down,2,0.9911905785219126,0.8902193242273027,0.10978067577269734,5.3965595042444185,6.886067707981757,True,False,0.0790077546902872,0.06063847259602051
blood,pretrained,2,brightness_down,3,0.9911905785219126,0.5293822478991788,0.47061775210082124,5.3965595042444185,6.886067707981757,True,False,0.0790077546902872,0.06063847259602051
blood,pretrained,2,brightness_down,4,0.9911905785219126,0.25566533890686666,0.7443346610931334,5.3965595042444185,6.886067707981757,True,False,0.0790077546902872,0.06063847259602051
blood,pretrained,2,brightness_down,5,0.9911905785219126,0.2081573648836803,0.7918426351163197,5.3965595042444185,6.886067707981757,True,False,0.0790077546902872,0.06063847259602051
blood,pretrained,3,brightness_down,1,0.9910253517357612,0.9762019970462135,0.023798002953786535,4.999399292236653,6.365870512393531,True,False,0.0790077546902872,0.06063847259602051
blood,pretrained,3,brightness_down,2,0.9910253517357612,0.8762317542993848,0.12376824570061518,4.999399292236653,6.365870512393531,True,False,0.0790077546902872,0.06063847259602051
blood,pretrained,3,brightness_down,3,0.9910253517357612,0.5569044256010152,0.44309557439898484,4.999399292236653,6.365870512393531,True,False,0.0790077546902872,0.06063847259602051
blood,pretrained,3,brightness_down,4,0.9910253517357612,0.3425184107896848,0.6574815892103152,4.999399292236653,6.365870512393531,True,False,0.0790077546902872,0.06063847259602051
blood,pretrained,3,brightness_down,5,0.9910253517357612,0.27318684786455677,0.7268131521354433,4.999399292236653,6.365870512393531,True,False,0.0790077546902872,0.06063847259602051
blood,pretrained,4,brightness_down,1,0.9920144566582404,0.9883066153586699,0.011693384641330073,4.761486985832856,6.07219866583648,True,False,0.0790077546902872,0.06063847259602051
blood,pretrained,4,brightness_down,2,0.9920144566582404,0.96038917209414,0.03961082790586001,4.761486985832856,6.07219866583648,True,False,0.0790077546902872,0.06063847259602051
blood,pretrained,4,brightness_down,3,0.9920144566582404,0.6758677434669143,0.32413225653308575,4.761486985832856,6.07219866583648,True,False,0.0790077546902872,0.06063847259602051
blood,pretrained,4,brightness_down,4,0.9920144566582404,0.2740184391559744,0.7259815608440257,4.761486985832856,6.07219866583648,True,False,0.0790077546902872,0.06063847259602051
blood,pretrained,4,brightness_down,5,0.9920144566582404,0.22044605123591512,0.7795539487640849,4.761486985832856,6.07219866583648,True,False,0.0790077546902872,0.06063847259602051
blood,scratch,0,brightness_down,1,0.986881642329062,0.8313469763979724,0.1686530236020276,8.790406662050648,11.236957435450694,True,False,0.0790077546902872,0.06063847259602051
blood,scratch,0,brightness_down,2,0.986881642329062,0.30670754280644175,0.6932924571935583,8.790406662050648,11.236957435450694,True,False,0.0790077546902872,0.06063847259602051
blood,scratch,0,brightness_down,3,0.986881642329062,0.1393940148797662,0.8606059851202338,8.790406662050648,11.236957435450694,True,False,0.0790077546902872,0.06063847259602051
blood,scratch,0,brightness_down,4,0.986881642329062,0.125,0.875,8.790406662050648,11.236957435450694,True,False,0.0790077546902872,0.06063847259602051
blood,scratch,0,brightness_down,5,0.986881642329062,0.125,0.875,8.790406662050648,11.236957435450694,True,False,0.0790077546902872,0.06063847259602051
blood,scratch,1,brightness_down,1,0.9886038123934132,0.9037360657851585,0.09626393421484147,8.143408938033655,10.422364565853925,True,False,0.0790077546902872,0.06063847259602051
blood,scratch,1,brightness_down,2,0.9886038123934132,0.3421826614112941,0.6578173385887058,8.143408938033655,10.422364565853925,True,False,0.0790077546902872,0.06063847259602051
blood,scratch,1,brightness_down,3,0.9886038123934132,0.21600650039279817,0.7839934996072018,8.143408938033655,10.422364565853925,True,False,0.0790077546902872,0.06063847259602051
blood,scratch,1,brightness_down,4,0.9886038123934132,0.1784842886882678,0.8215157113117322,8.143408938033655,10.422364565853925,True,False,0.0790077546902872,0.06063847259602051
blood,scratch,1,brightness_down,5,0.9886038123934132,0.14262820512820512,0.8573717948717949,8.143408938033655,10.422364565853925,True,False,0.0790077546902872,0.06063847259602051
blood,scratch,2,brightness_down,1,0.978331286151004,0.8997076267126248,0.10029237328737517,8.5956850467181,10.842243110197073,True,False,0.0790077546902872,0.06063847259602051
blood,scratch,2,brightness_down,2,0.978331286151004,0.3182452262262388,0.6817547737737613,8.5956850467181,10.842243110197073,True,False,0.0790077546902872,0.06063847259602051
blood,scratch,2,brightness_down,3,0.978331286151004,0.1360176282051282,0.8639823717948718,8.5956850467181,10.842243110197073,True,False,0.0790077546902872,0.06063847259602051
blood,scratch,2,brightness_down,4,0.978331286151004,0.12540064102564102,0.874599358974359,8.5956850467181,10.842243110197073,True,False,0.0790077546902872,0.06063847259602051
blood,scratch,2,brightness_down,5,0.978331286151004,0.125,0.875,8.5956850467181,10.842243110197073,True,False,0.0790077546902872,0.06063847259602051
blood,scratch,3,brightness_down,1,0.9881007357017896,0.8929197140994364,0.10708028590056362,8.165301653002196,10.442592937539457,True,False,0.0790077546902872,0.06063847259602051
blood,scratch,3,brightness_down,2,0.9881007357017896,0.45712347473075254,0.5428765252692475,8.165301653002196,10.442592937539457,True,False,0.0790077546902872,0.06063847259602051
blood,scratch,3,brightness_down,3,0.9881007357017896,0.1739454202811999,0.8260545797188001,8.165301653002196,10.442592937539457,True,False,0.0790077546902872,0.06063847259602051
blood,scratch,3,brightness_down,4,0.9881007357017896,0.12540064102564102,0.874599358974359,8.165301653002196,10.442592937539457,True,False,0.0790077546902872,0.06063847259602051
blood,scratch,3,brightness_down,5,0.9881007357017896,0.125,0.875,8.165301653002196,10.442592937539457,True,False,0.0790077546902872,0.06063847259602051
blood,scratch,4,brightness_down,1,0.988147309202292,0.9264831907351231,0.07351680926487691,8.180663861603312,10.463376889628037,True,False,0.0790077546902872,0.06063847259602051
blood,scratch,4,brightness_down,2,0.988147309202292,0.41792486386892697,0.582075136131073,8.180663861603312,10.463376889628037,True,False,0.0790077546902872,0.06063847259602051
blood,scratch,4,brightness_down,3,0.988147309202292,0.1739125274896896,0.8260874725103104,8.180663861603312,10.463376889628037,True,False,0.0790077546902872,0.06063847259602051
blood,scratch,4,brightness_down,4,0.988147309202292,0.125,0.875,8.180663861603312,10.463376889628037,True,False,0.0790077546902872,0.06063847259602051
blood,scratch,4,brightness_down,5,0.988147309202292,0.125,0.875,8.180663861603312,10.463376889628037,True,False,0.0790077546902872,0.06063847259602051
blood,pretrained,0,contrast_up,1,0.9899915047646126,0.9900480136210785,0.009951986378921474,0.391062125627802,0.3074445480522419,True,True,0.05215362284240639,0.0337843407481397
blood,pretrained,0,contrast_up,2,0.9899915047646126,0.9872080029178263,0.012791997082173712,0.391062125627802,0.3074445480522419,True,True,0.05215362284240639,0.0337843407481397
blood,pretrained,0,contrast_up,3,0.9899915047646126,0.9836293375419165,0.016370662458083496,0.391062125627802,0.3074445480522419,True,True,0.05215362284240639,0.0337843407481397
blood,pretrained,0,contrast_up,4,0.9899915047646126,0.9774781428748032,0.02252185712519683,0.391062125627802,0.3074445480522419,True,True,0.05215362284240639,0.0337843407481397
blood,pretrained,0,contrast_up,5,0.9899915047646126,0.9596599700046649,0.04034002999533515,0.391062125627802,0.3074445480522419,True,True,0.05215362284240639,0.0337843407481397
blood,pretrained,1,contrast_up,1,0.9867345502282888,0.9847007206809195,0.015299279319080483,0.879682725075898,0.9653345476239102,True,True,0.05215362284240639,0.0337843407481397
blood,pretrained,1,contrast_up,2,0.9867345502282888,0.9813775984535342,0.018622401546465772,0.879682725075898,0.9653345476239102,True,True,0.05215362284240639,0.0337843407481397
blood,pretrained,1,contrast_up,3,0.9867345502282888,0.9687492460256117,0.03125075397438826,0.879682725075898,0.9653345476239102,True,True,0.05215362284240639,0.0337843407481397
blood,pretrained,1,contrast_up,4,0.9867345502282888,0.9406792366118719,0.059320763388128084,0.879682725075898,0.9653345476239102,True,True,0.05215362284240639,0.0337843407481397
blood,pretrained,1,contrast_up,5,0.9867345502282888,0.8950999929051193,0.10490000709488068,0.879682725075898,0.9653345476239102,True,True,0.05215362284240639,0.0337843407481397
blood,pretrained,2,contrast_up,1,0.9911905785219126,0.9895116097457434,0.01048839025425663,0.7073465531121396,0.831191707458302,True,True,0.05215362284240639,0.0337843407481397
blood,pretrained,2,contrast_up,2,0.9911905785219126,0.9860547315262929,0.01394526847370714,0.7073465531121396,0.831191707458302,True,True,0.05215362284240639,0.0337843407481397
blood,pretrained,2,contrast_up,3,0.9911905785219126,0.9763601409290595,0.02363985907094046,0.7073465531121396,0.831191707458302,True,True,0.05215362284240639,0.0337843407481397
blood,pretrained,2,contrast_up,4,0.9911905785219126,0.9562748733496895,0.043725126650310475,0.7073465531121396,0.831191707458302,True,True,0.05215362284240639,0.0337843407481397
blood,pretrained,2,contrast_up,5,0.9911905785219126,0.9073452176997812,0.09265478230021884,0.7073465531121396,0.831191707458302,True,True,0.05215362284240639,0.0337843407481397
blood,pretrained,3,contrast_up,1,0.9910253517357612,0.987267522500899,0.012732477499101003,0.966164601373467,1.2258441349564408,True,True,0.05215362284240639,0.0337843407481397
blood,pretrained,3,contrast_up,2,0.9910253517357612,0.9826575567426024,0.017342443257397644,0.966164601373467,1.2258441349564408,True,True,0.05215362284240639,0.0337843407481397
blood,pretrained,3,contrast_up,3,0.9910253517357612,0.9713527905644179,0.028647209435582077,0.966164601373467,1.2258441349564408,True,True,0.05215362284240639,0.0337843407481397
blood,pretrained,3,contrast_up,4,0.9910253517357612,0.9284412890067406,0.07155871099325939,0.966164601373467,1.2258441349564408,True,True,0.05215362284240639,0.0337843407481397
blood,pretrained,3,contrast_up,5,0.9910253517357612,0.8783359200667615,0.12166407993323847,0.966164601373467,1.2258441349564408,True,True,0.05215362284240639,0.0337843407481397
blood,pretrained,4,contrast_up,1,0.9920144566582404,0.9897458709339334,0.010254129066066597,0.5992468830961264,0.6887022825805639,True,True,0.05215362284240639,0.0337843407481397
blood,pretrained,4,contrast_up,2,0.9920144566582404,0.9890599909555308,0.010940009044469234,0.5992468830961264,0.6887022825805639,True,True,0.05215362284240639,0.0337843407481397
blood,pretrained,4,contrast_up,3,0.9920144566582404,0.980895157519518,0.019104842480482054,0.5992468830961264,0.6887022825805639,True,True,0.05215362284240639,0.0337843407481397
blood,pretrained,4,contrast_up,4,0.9920144566582404,0.9587390474213713,0.04126095257862872,0.5992468830961264,0.6887022825805639,True,True,0.05215362284240639,0.0337843407481397
blood,pretrained,4,contrast_up,5,0.9920144566582404,0.9252954535172317,0.07470454648276825,0.5992468830961264,0.6887022825805639,True,True,0.05215362284240639,0.0337843407481397
blood,scratch,0,contrast_up,1,0.986881642329062,0.9692536707689121,0.030746329231087888,1.8256977811729462,2.4300724541175085,True,True,0.05215362284240639,0.0337843407481397
blood,scratch,0,contrast_up,2,0.986881642329062,0.95184216373846,0.04815783626154002,1.8256977811729462,2.4300724541175085,True,True,0.05215362284240639,0.0337843407481397
blood,scratch,0,contrast_up,3,0.986881642329062,0.9229437835469689,0.07705621645303107,1.8256977811729462,2.4300724541175085,True,True,0.05215362284240639,0.0337843407481397
blood,scratch,0,contrast_up,4,0.986881642329062,0.8810623093266163,0.11893769067338367,1.8256977811729462,2.4300724541175085,True,True,0.05215362284240639,0.0337843407481397
blood,scratch,0,contrast_up,5,0.986881642329062,0.7988143051014824,0.20118569489851756,1.8256977811729462,2.4300724541175085,True,True,0.05215362284240639,0.0337843407481397
blood,scratch,1,contrast_up,1,0.9886038123934132,0.9740235389158203,0.025976461084179725,2.5184310871854914,3.5504353440930085,True,True,0.05215362284240639,0.0337843407481397
blood,scratch,1,contrast_up,2,0.9886038123934132,0.9435718296863934,0.056428170313606585,2.5184310871854914,3.5504353440930085,True,True,0.05215362284240639,0.0337843407481397
blood,scratch,1,contrast_up,3,0.9886038123934132,0.9000928019942387,0.09990719800576131,2.5184310871854914,3.5504353440930085,True,True,0.05215362284240639,0.0337843407481397
blood,scratch,1,contrast_up,4,0.9886038123934132,0.8164709371394343,0.1835290628605657,2.5184310871854914,3.5504353440930085,True,True,0.05215362284240639,0.0337843407481397
blood,scratch,1,contrast_up,5,0.9886038123934132,0.7091143668857953,0.2908856331142047,2.5184310871854914,3.5504353440930085,True,True,0.05215362284240639,0.0337843407481397
blood,scratch,2,contrast_up,1,0.978331286151004,0.9615285374733848,0.03847146252661515,1.9989514272246693,2.4444415115993263,True,True,0.05215362284240639,0.0337843407481397
blood,scratch,2,contrast_up,2,0.978331286151004,0.9380103193803591,0.06198968061964094,1.9989514272246693,2.4444415115993263,True,True,0.05215362284240639,0.0337843407481397
blood,scratch,2,contrast_up,3,0.978331286151004,0.9080463785187264,0.09195362148127362,1.9989514272246693,2.4444415115993263,True,True,0.05215362284240639,0.0337843407481397
blood,scratch,2,contrast_up,4,0.978331286151004,0.8648193581743338,0.13518064182566625,1.9989514272246693,2.4444415115993263,True,True,0.05215362284240639,0.0337843407481397
blood,scratch,2,contrast_up,5,0.978331286151004,0.8063326123743692,0.19366738762563085,1.9989514272246693,2.4444415115993263,True,True,0.05215362284240639,0.0337843407481397
blood,scratch,3,contrast_up,1,0.9881007357017896,0.9775199605025662,0.022480039497433824,1.8463709051031676,2.498070574852933,True,True,0.05215362284240639,0.0337843407481397
blood,scratch,3,contrast_up,2,0.9881007357017896,0.96283519827568,0.03716480172432002,1.8463709051031676,2.498070574852933,True,True,0.05215362284240639,0.0337843407481397
blood,scratch,3,contrast_up,3,0.9881007357017896,0.9295043404262038,0.07049565957379622,1.8463709051031676,2.498070574852933,True,True,0.05215362284240639,0.0337843407481397
blood,scratch,3,contrast_up,4,0.9881007357017896,0.8733710275912951,0.12662897240870485,1.8463709051031676,2.498070574852933,True,True,0.05215362284240639,0.0337843407481397
blood,scratch,3,contrast_up,5,0.9881007357017896,0.7752948141445393,0.22470518585546073,1.8463709051031676,2.498070574852933,True,True,0.05215362284240639,0.0337843407481397
blood,scratch,4,contrast_up,1,0.988147309202292,0.976928442331255,0.023071557668745024,1.7829000889703954,2.4014678460941776,True,True,0.05215362284240639,0.0337843407481397
blood,scratch,4,contrast_up,2,0.988147309202292,0.963998381293768,0.036001618706231975,1.7829000889703954,2.4014678460941776,True,True,0.05215362284240639,0.0337843407481397
blood,scratch,4,contrast_up,3,0.988147309202292,0.9323560615503651,0.0676439384496349,1.7829000889703954,2.4014678460941776,True,True,0.05215362284240639,0.0337843407481397
blood,scratch,4,contrast_up,4,0.988147309202292,0.8811686284993416,0.11883137150065837,1.7829000889703954,2.4014678460941776,True,True,0.05215362284240639,0.0337843407481397
blood,scratch,4,contrast_up,5,0.988147309202292,0.7806249922959962,0.21937500770400375,1.7829000889703954,2.4014678460941776,True,True,0.05215362284240639,0.0337843407481397
blood,pretrained,0,contrast_down,1,0.9899915047646126,0.9912170271043342,0.008782972895665764,1.093479459681549,1.2579060667868258,True,False,0.07966068499560328,0.061291402901336584
blood,pretrained,0,contrast_down,2,0.9899915047646126,0.9862664103077359,0.013733589692264125,1.093479459681549,1.2579060667868258,True,False,0.07966068499560328,0.061291402901336584
blood,pretrained,0,contrast_down,3,0.9899915047646126,0.9703064564266564,0.02969354357334364,1.093479459681549,1.2579060667868258,True,False,0.07966068499560328,0.061291402901336584
blood,pretrained,0,contrast_down,4,0.9899915047646126,0.8954819689828832,0.10451803101711676,1.093479459681549,1.2579060667868258,True,False,0.07966068499560328,0.061291402901336584
blood,pretrained,0,contrast_down,5,0.9899915047646126,0.7211915232441186,0.2788084767558814,1.093479459681549,1.2579060667868258,True,False,0.07966068499560328,0.061291402901336584
blood,pretrained,1,contrast_down,1,0.9867345502282888,0.9842806127997494,0.015719387200250567,0.6933935337021639,0.6847739178378289,True,False,0.07966068499560328,0.061291402901336584
blood,pretrained,1,contrast_down,2,0.9867345502282888,0.9787774634819819,0.021222536518018087,0.6933935337021639,0.6847739178378289,True,False,0.07966068499560328,0.061291402901336584
blood,pretrained,1,contrast_down,3,0.9867345502282888,0.9674748750409023,0.03252512495909765,0.6933935337021639,0.6847739178378289,True,False,0.07966068499560328,0.061291402901336584
blood,pretrained,1,contrast_down,4,0.9867345502282888,0.937890913459331,0.062109086540669045,0.6933935337021639,0.6847739178378289,True,False,0.07966068499560328,0.061291402901336584
blood,pretrained,1,contrast_down,5,0.9867345502282888,0.8553951158868538,0.1446048841131462,0.6933935337021639,0.6847739178378289,True,False,0.07966068499560328,0.061291402901336584
blood,pretrained,2,contrast_down,1,0.9911905785219126,0.9903414527250851,0.009658547274914886,0.816216192292179,0.9171093635251877,True,False,0.07966068499560328,0.061291402901336584
blood,pretrained,2,contrast_down,2,0.9911905785219126,0.9827394297440883,0.017260570255911656,0.816216192292179,0.9171093635251877,True,False,0.07966068499560328,0.061291402901336584
blood,pretrained,2,contrast_down,3,0.9911905785219126,0.9646832781524057,0.03531672184759427,0.816216192292179,0.9171093635251877,True,False,0.07966068499560328,0.061291402901336584
blood,pretrained,2,contrast_down,4,0.9911905785219126,0.9186225250938632,0.08137747490613678,0.816216192292179,0.9171093635251877,True,False,0.07966068499560328,0.061291402901336584
blood,pretrained,2,contrast_down,5,0.9911905785219126,0.8185116093720675,0.18148839062793254,0.816216192292179,0.9171093635251877,True,False,0.07966068499560328,0.061291402901336584
blood,pretrained,3,contrast_down,1,0.9910253517357612,0.9891976964452035,0.0108023035547965,0.7721418172387208,0.8571299615268231,True,False,0.07966068499560328,0.061291402901336584
blood,pretrained,3,contrast_down,2,0.9910253517357612,0.982966924396312,0.017033075603688053,0.7721418172387208,0.8571299615268231,True,False,0.07966068499560328,0.061291402901336584
blood,pretrained,3,contrast_down,3,0.9910253517357612,0.9616035534749796,0.03839644652502039,0.7721418172387208,0.8571299615268231,True,False,0.07966068499560328,0.061291402901336584
blood,pretrained,3,contrast_down,4,0.9910253517357612,0.9166968106137713,0.08330318938622872,0.7721418172387208,0.8571299615268231,True,False,0.07966068499560328,0.061291402901336584
blood,pretrained,3,contrast_down,5,0.9910253517357612,0.8419882846948016,0.15801171530519842,0.7721418172387208,0.8571299615268231,True,False,0.07966068499560328,0.061291402901336584
blood,pretrained,4,contrast_down,1,0.9920144566582404,0.9907007443414817,0.009299255658518302,0.8937965561553662,1.0313828624554053,True,False,0.07966068499560328,0.061291402901336584
blood,pretrained,4,contrast_down,2,0.9920144566582404,0.984564462017227,0.015435537982772973,0.8937965561553662,1.0313828624554053,True,False,0.07966068499560328,0.061291402901336584
blood,pretrained,4,contrast_down,3,0.9920144566582404,0.9689005270244981,0.031099472975501863,0.8937965561553662,1.0313828624554053,True,False,0.07966068499560328,0.061291402901336584
blood,pretrained,4,contrast_down,4,0.9920144566582404,0.9218725849360573,0.07812741506394272,0.8937965561553662,1.0313828624554053,True,False,0.07966068499560328,0.061291402901336584
blood,pretrained,4,contrast_down,5,0.9920144566582404,0.7779594521304976,0.22204054786950245,0.8937965561553662,1.0313828624554053,True,False,0.07966068499560328,0.061291402901336584
blood,scratch,0,contrast_down,1,0.986881642329062,0.9818247475890145,0.0181752524109855,4.972104551563133,6.248231866919571,True,False,0.07966068499560328,0.061291402901336584
blood,scratch,0,contrast_down,2,0.986881642329062,0.9203178887110289,0.07968211128897107,4.972104551563133,6.248231866919571,True,False,0.07966068499560328,0.061291402901336584
blood,scratch,0,contrast_down,3,0.986881642329062,0.640419520831523,0.359580479168477,4.972104551563133,6.248231866919571,True,False,0.07966068499560328,0.061291402901336584
blood,scratch,0,contrast_down,4,0.986881642329062,0.2970059135071907,0.7029940864928093,4.972104551563133,6.248231866919571,True,False,0.07966068499560328,0.061291402901336584
blood,scratch,0,contrast_down,5,0.986881642329062,0.1800256571248627,0.8199743428751373,4.972104551563133,6.248231866919571,True,False,0.07966068499560328,0.061291402901336584
blood,scratch,1,contrast_down,1,0.9886038123934132,0.9708579707231882,0.029142029276811754,5.258427117163337,6.648464535916404,True,False,0.07966068499560328,0.061291402901336584
blood,scratch,1,contrast_down,2,0.9886038123934132,0.8782257792475884,0.12177422075241162,5.258427117163337,6.648464535916404,True,False,0.07966068499560328,0.061291402901336584
blood,scratch,1,contrast_down,3,0.9886038123934132,0.5560503256375904,0.4439496743624096,5.258427117163337,6.648464535916404,True,False,0.07966068499560328,0.061291402901336584
blood,scratch,1,contrast_down,4,0.9886038123934132,0.30791288079247003,0.69208711920753,5.258427117163337,6.648464535916404,True,False,0.07966068499560328,0.061291402901336584
blood,scratch,1,contrast_down,5,0.9886038123934132,0.19250351283572908,0.8074964871642709,5.258427117163337,6.648464535916404,True,False,0.07966068499560328,0.061291402901336584
blood,scratch,2,contrast_down,1,0.978331286151004,0.95694848960583,0.04305151039416999,5.058912828401445,6.221553584086623,True,False,0.07966068499560328,0.061291402901336584
blood,scratch,2,contrast_down,2,0.978331286151004,0.8361675386124494,0.1638324613875506,5.058912828401445,6.221553584086623,True,False,0.07966068499560328,0.061291402901336584
blood,scratch,2,contrast_down,3,0.978331286151004,0.5893714770994218,0.41062852290057816,5.058912828401445,6.221553584086623,True,False,0.07966068499560328,0.061291402901336584
blood,scratch,2,contrast_down,4,0.978331286151004,0.3672849491398535,0.6327150508601465,5.058912828401445,6.221553584086623,True,False,0.07966068499560328,0.061291402901336584
blood,scratch,2,contrast_down,5,0.978331286151004,0.23524523932492544,0.7647547606750745,5.058912828401445,6.221553584086623,True,False,0.07966068499560328,0.061291402901336584
blood,scratch,3,contrast_down,1,0.9881007357017896,0.9746691020046856,0.025330897995314405,5.125611714923497,6.4676358701105805,True,False,0.07966068499560328,0.061291402901336584
blood,scratch,3,contrast_down,2,0.9881007357017896,0.8909014466950793,0.10909855330492069,5.125611714923497,6.4676358701105805,True,False,0.07966068499560328,0.061291402901336584
blood,scratch,3,contrast_down,3,0.9881007357017896,0.5735490086364019,0.4264509913635981,5.125611714923497,6.4676358701105805,True,False,0.07966068499560328,0.061291402901336584
blood,scratch,3,contrast_down,4,0.9881007357017896,0.30953260053737974,0.6904673994626203,5.125611714923497,6.4676358701105805,True,False,0.07966068499560328,0.061291402901336584
blood,scratch,3,contrast_down,5,0.9881007357017896,0.2097991409649805,0.7902008590350195,5.125611714923497,6.4676358701105805,True,False,0.07966068499560328,0.061291402901336584
blood,scratch,4,contrast_down,1,0.988147309202292,0.9751534832061004,0.024846516793899598,5.500034657980051,6.955034758182138,True,False,0.07966068499560328,0.061291402901336584
blood,scratch,4,contrast_down,2,0.988147309202292,0.8776536119792205,0.12234638802077946,5.500034657980051,6.955034758182138,True,False,0.07966068499560328,0.061291402901336584
blood,scratch,4,contrast_down,3,0.988147309202292,0.5312018101544558,0.4687981898455442,5.500034657980051,6.955034758182138,True,False,0.07966068499560328,0.061291402901336584
blood,scratch,4,contrast_down,4,0.988147309202292,0.22732301915182737,0.7726769808481726,5.500034657980051,6.955034758182138,True,False,0.07966068499560328,0.061291402901336584
blood,scratch,4,contrast_down,5,0.988147309202292,0.19798543373714833,0.8020145662628517,5.500034657980051,6.955034758182138,True,False,0.07966068499560328,0.061291402901336584
blood,pretrained,0,saturate,1,0.9899915047646126,0.991154014829124,0.00884598517087598,2.8244361147934343,5.375216102954685,True,True,0.03478558170020538,0.01641629960593869
blood,pretrained,0,saturate,2,0.9899915047646126,0.9849112634354511,0.015088736564548899,2.8244361147934343,5.375216102954685,True,True,0.03478558170020538,0.01641629960593869
blood,pretrained,0,saturate,3,0.9899915047646126,0.912115427559336,0.08788457244066405,2.8244361147934343,5.375216102954685,True,True,0.03478558170020538,0.01641629960593869
blood,pretrained,0,saturate,4,0.9899915047646126,0.8528753100145525,0.14712468998544748,2.8244361147934343,5.375216102954685,True,True,0.03478558170020538,0.01641629960593869
blood,pretrained,0,saturate,5,0.9899915047646126,0.767695718020748,0.23230428197925201,2.8244361147934343,5.375216102954685,True,True,0.03478558170020538,0.01641629960593869
blood,pretrained,1,saturate,1,0.9867345502282888,0.9866997397299847,0.013300260270015296,2.0929760488417313,3.626879443057131,True,True,0.03478558170020538,0.01641629960593869
blood,pretrained,1,saturate,2,0.9867345502282888,0.9857844407418319,0.014215559258168087,2.0929760488417313,3.626879443057131,True,True,0.03478558170020538,0.01641629960593869
blood,pretrained,1,saturate,3,0.9867345502282888,0.9413071702541318,0.0586928297458682,2.0929760488417313,3.626879443057131,True,True,0.03478558170020538,0.01641629960593869
blood,pretrained,1,saturate,4,0.9867345502282888,0.8848073892406099,0.11519261075939013,2.0929760488417313,3.626879443057131,True,True,0.03478558170020538,0.01641629960593869
blood,pretrained,1,saturate,5,0.9867345502282888,0.8373743133156563,0.16262568668434374,2.0929760488417313,3.626879443057131,True,True,0.03478558170020538,0.01641629960593869
blood,pretrained,2,saturate,1,0.9911905785219126,0.9924345778878834,0.007565422112116638,1.9189175980564965,3.5294947580091782,True,True,0.03478558170020538,0.01641629960593869
blood,pretrained,2,saturate,2,0.9911905785219126,0.9900531396793932,0.009946860320606765,1.9189175980564965,3.5294947580091782,True,True,0.03478558170020538,0.01641629960593869
blood,pretrained,2,saturate,3,0.9911905785219126,0.9695570440683787,0.030442955931621274,1.9189175980564965,3.5294947580091782,True,True,0.03478558170020538,0.01641629960593869
blood,pretrained,2,saturate,4,0.9911905785219126,0.9210026108016314,0.07899738919836863,1.9189175980564965,3.5294947580091782,True,True,0.03478558170020538,0.01641629960593869
blood,pretrained,2,saturate,5,0.9911905785219126,0.7931993031469327,0.20680069685306735,1.9189175980564965,3.5294947580091782,True,True,0.03478558170020538,0.01641629960593869
blood,pretrained,3,saturate,1,0.9910253517357612,0.990273733138983,0.009726266861016963,2.0678759204978467,3.835067586811781,True,True,0.03478558170020538,0.01641629960593869
blood,pretrained,3,saturate,2,0.9910253517357612,0.9879590867444719,0.01204091325552814,2.0678759204978467,3.835067586811781,True,True,0.03478558170020538,0.01641629960593869
blood,pretrained,3,saturate,3,0.9910253517357612,0.9571122146827334,0.04288778531726656,2.0678759204978467,3.835067586811781,True,True,0.03478558170020538,0.01641629960593869
blood,pretrained,3,saturate,4,0.9910253517357612,0.9069382056723936,0.09306179432760642,2.0678759204978467,3.835067586811781,True,True,0.03478558170020538,0.01641629960593869
blood,pretrained,3,saturate,5,0.9910253517357612,0.7980554258695918,0.20194457413040823,2.0678759204978467,3.835067586811781,True,True,0.03478558170020538,0.01641629960593869
blood,pretrained,4,saturate,1,0.9920144566582404,0.9912005883296264,0.00879941167037357,1.2974881032356858,2.2628933419898867,True,True,0.03478558170020538,0.01641629960593869
blood,pretrained,4,saturate,2,0.9920144566582404,0.9899470175344898,0.01005298246551023,1.2974881032356858,2.2628933419898867,True,True,0.03478558170020538,0.01641629960593869
blood,pretrained,4,saturate,3,0.9920144566582404,0.9803950544430615,0.01960494555693848,1.2974881032356858,2.2628933419898867,True,True,0.03478558170020538,0.01641629960593869
blood,pretrained,4,saturate,4,0.9920144566582404,0.9521437690143769,0.04785623098562308,1.2974881032356858,2.2628933419898867,True,True,0.03478558170020538,0.01641629960593869
blood,pretrained,4,saturate,5,0.9920144566582404,0.860644178577698,0.13935582142230196,1.2974881032356858,2.2628933419898867,True,True,0.03478558170020538,0.01641629960593869
blood,scratch,0,saturate,1,0.986881642329062,0.9753507718275499,0.024649228172450077,13.909885137863341,28.675468865248114,True,True,0.03478558170020538,0.01641629960593869
blood,scratch,0,saturate,2,0.986881642329062,0.7632790606497649,0.23672093935023508,13.909885137863341,28.675468865248114,True,True,0.03478558170020538,0.01641629960593869
blood,scratch,0,saturate,3,0.986881642329062,0.36323523748625164,0.6367647625137484,13.909885137863341,28.675468865248114,True,True,0.03478558170020538,0.01641629960593869
blood,scratch,0,saturate,4,0.986881642329062,0.2764682724547949,0.7235317275452051,13.909885137863341,28.675468865248114,True,True,0.03478558170020538,0.01641629960593869
blood,scratch,0,saturate,5,0.986881642329062,0.2023494280635493,0.7976505719364507,13.909885137863341,28.675468865248114,True,True,0.03478558170020538,0.01641629960593869
blood,scratch,1,saturate,1,0.9886038123934132,0.960947063046186,0.039052936953813955,16.369815617321645,33.992884167707324,True,True,0.03478558170020538,0.01641629960593869
blood,scratch,1,saturate,2,0.9886038123934132,0.6154206871106178,0.3845793128893822,16.369815617321645,33.992884167707324,True,True,0.03478558170020538,0.01641629960593869
blood,scratch,1,saturate,3,0.9886038123934132,0.23481396260803283,0.7651860373919672,16.369815617321645,33.992884167707324,True,True,0.03478558170020538,0.01641629960593869
blood,scratch,1,saturate,4,0.9886038123934132,0.18120104998183817,0.8187989500181618,16.369815617321645,33.992884167707324,True,True,0.03478558170020538,0.01641629960593869
blood,scratch,1,saturate,5,0.9886038123934132,0.16044944438512462,0.8395505556148753,16.369815617321645,33.992884167707324,True,True,0.03478558170020538,0.01641629960593869
blood,scratch,2,saturate,1,0.978331286151004,0.967331620744647,0.03266837925535304,13.891409560350954,28.115474219088757,True,True,0.03478558170020538,0.01641629960593869
blood,scratch,2,saturate,2,0.978331286151004,0.772521613641098,0.22747838635890205,13.891409560350954,28.115474219088757,True,True,0.03478558170020538,0.01641629960593869
blood,scratch,2,saturate,3,0.978331286151004,0.3829751081424972,0.6170248918575028,13.891409560350954,28.115474219088757,True,True,0.03478558170020538,0.01641629960593869
blood,scratch,2,saturate,4,0.978331286151004,0.27797721701674144,0.7220227829832586,13.891409560350954,28.115474219088757,True,True,0.03478558170020538,0.01641629960593869
blood,scratch,2,saturate,5,0.978331286151004,0.1830906294920051,0.8169093705079948,13.891409560350954,28.115474219088757,True,True,0.03478558170020538,0.01641629960593869
blood,scratch,3,saturate,1,0.9881007357017896,0.9796156212216807,0.020384378778319334,14.351704747120671,29.685930777218854,True,True,0.03478558170020538,0.01641629960593869
blood,scratch,3,saturate,2,0.9881007357017896,0.7415702516450726,0.2584297483549274,14.351704747120671,29.685930777218854,True,True,0.03478558170020538,0.01641629960593869
blood,scratch,3,saturate,3,0.9881007357017896,0.3333642301547202,0.6666357698452798,14.351704747120671,29.685930777218854,True,True,0.03478558170020538,0.01641629960593869
blood,scratch,3,saturate,4,0.9881007357017896,0.25585382619380187,0.7441461738061981,14.351704747120671,29.685930777218854,True,True,0.03478558170020538,0.01641629960593869
blood,scratch,3,saturate,5,0.9881007357017896,0.19343408069376689,0.8065659193062331,14.351704747120671,29.685930777218854,True,True,0.03478558170020538,0.01641629960593869
blood,scratch,4,saturate,1,0.988147309202292,0.9695651541549091,0.03043484584509093,14.948436665761681,30.95322248782966,True,True,0.03478558170020538,0.01641629960593869
blood,scratch,4,saturate,2,0.988147309202292,0.8110442993545689,0.1889557006454311,14.948436665761681,30.95322248782966,True,True,0.03478558170020538,0.01641629960593869
blood,scratch,4,saturate,3,0.988147309202292,0.278099630436038,0.721900369563962,14.948436665761681,30.95322248782966,True,True,0.03478558170020538,0.01641629960593869
blood,scratch,4,saturate,4,0.988147309202292,0.18708123680871375,0.8129187631912862,14.948436665761681,30.95322248782966,True,True,0.03478558170020538,0.01641629960593869
blood,scratch,4,saturate,5,0.988147309202292,0.15425935460977663,0.8457406453902234,14.948436665761681,30.95322248782966,True,True,0.03478558170020538,0.01641629960593869
blood,pretrained,0,bubble,1,0.9899915047646126,0.9789507277877252,0.021049272212274817,0.3790266409602998,0.35149026440049835,True,False,0.12898833684644578,0.11061905475217909
blood,pretrained,0,bubble,2,0.9899915047646126,0.9711449483036332,0.028855051696366818,0.3790266409602998,0.35149026440049835,True,False,0.12898833684644578,0.11061905475217909
blood,pretrained,0,bubble,3,0.9899915047646126,0.9566443571251246,0.043355642874875366,0.3790266409602998,0.35149026440049835,True,False,0.12898833684644578,0.11061905475217909
blood,pretrained,0,bubble,4,0.9899915047646126,0.9386463083280214,0.06135369167197857,0.3790266409602998,0.35149026440049835,True,False,0.12898833684644578,0.11061905475217909
blood,pretrained,0,bubble,5,0.9899915047646126,0.9101635782656755,0.08983642173432449,0.3790266409602998,0.35149026440049835,True,False,0.12898833684644578,0.11061905475217909
blood,pretrained,1,bubble,1,0.9867345502282888,0.9787960243067294,0.021203975693270594,0.3464246136488859,0.28403139997824123,True,False,0.12898833684644578,0.11061905475217909
blood,pretrained,1,bubble,2,0.9867345502282888,0.9725846572532264,0.027415342746773597,0.3464246136488859,0.28403139997824123,True,False,0.12898833684644578,0.11061905475217909
blood,pretrained,1,bubble,3,0.9867345502282888,0.9597500140616295,0.04024998593837048,0.3464246136488859,0.28403139997824123,True,False,0.12898833684644578,0.11061905475217909
blood,pretrained,1,bubble,4,0.9867345502282888,0.9429456131019798,0.057054386898020226,0.3464246136488859,0.28403139997824123,True,False,0.12898833684644578,0.11061905475217909
blood,pretrained,1,bubble,5,0.9867345502282888,0.9225000174902233,0.07749998250977674,0.3464246136488859,0.28403139997824123,True,False,0.12898833684644578,0.11061905475217909
blood,pretrained,2,bubble,1,0.9911905785219126,0.9692298399305395,0.03077016006946054,0.50289208522072,0.5067643394111546,True,False,0.12898833684644578,0.11061905475217909
blood,pretrained,2,bubble,2,0.9911905785219126,0.9561763866272415,0.04382361337275853,0.50289208522072,0.5067643394111546,True,False,0.12898833684644578,0.11061905475217909
blood,pretrained,2,bubble,3,0.9911905785219126,0.9378706624219542,0.06212933757804584,0.50289208522072,0.5067643394111546,True,False,0.12898833684644578,0.11061905475217909
blood,pretrained,2,bubble,4,0.9911905785219126,0.9189468088861501,0.0810531911138499,0.50289208522072,0.5067643394111546,True,False,0.12898833684644578,0.11061905475217909
blood,pretrained,2,bubble,5,0.9911905785219126,0.893440233704806,0.10655976629519404,0.50289208522072,0.5067643394111546,True,False,0.12898833684644578,0.11061905475217909
blood,pretrained,3,bubble,1,0.9910253517357612,0.9770163699128884,0.022983630087111573,0.45902575336570384,0.4541199555956304,True,False,0.12898833684644578,0.11061905475217909
blood,pretrained,3,bubble,2,0.9910253517357612,0.9647563465753537,0.035243653424646304,0.45902575336570384,0.4541199555956304,True,False,0.12898833684644578,0.11061905475217909
blood,pretrained,3,bubble,3,0.9910253517357612,0.9434565916920294,0.056543408307970555,0.45902575336570384,0.4541199555956304,True,False,0.12898833684644578,0.11061905475217909
blood,pretrained,3,bubble,4,0.9910253517357612,0.9189273535509995,0.08107264644900047,0.45902575336570384,0.4541199555956304,True,False,0.12898833684644578,0.11061905475217909
blood,pretrained,3,bubble,5,0.9910253517357612,0.8997984957870842,0.10020150421291585,0.45902575336570384,0.4541199555956304,True,False,0.12898833684644578,0.11061905475217909
blood,pretrained,4,bubble,1,0.9920144566582404,0.9795609828178138,0.020439017182186214,0.3238419789832839,0.30542924999718707,True,False,0.12898833684644578,0.11061905475217909
blood,pretrained,4,bubble,2,0.9920144566582404,0.9698027549867474,0.030197245013252605,0.3238419789832839,0.30542924999718707,True,False,0.12898833684644578,0.11061905475217909
blood,pretrained,4,bubble,3,0.9920144566582404,0.9618716915557748,0.03812830844422521,0.3238419789832839,0.30542924999718707,True,False,0.12898833684644578,0.11061905475217909
blood,pretrained,4,bubble,4,0.9920144566582404,0.9468011960885511,0.05319880391144893,0.3238419789832839,0.30542924999718707,True,False,0.12898833684644578,0.11061905475217909
blood,pretrained,4,bubble,5,0.9920144566582404,0.9331041832005358,0.06689581679946421,0.3238419789832839,0.30542924999718707,True,False,0.12898833684644578,0.11061905475217909
blood,scratch,0,bubble,1,0.986881642329062,0.9696611488471609,0.030338851152839075,0.41755336972825907,0.3683014388995815,True,False,0.12898833684644578,0.11061905475217909
blood,scratch,0,bubble,2,0.986881642329062,0.9595853864263069,0.04041461357369314,0.41755336972825907,0.3683014388995815,True,False,0.12898833684644578,0.11061905475217909
blood,scratch,0,bubble,3,0.986881642329062,0.9491069233314459,0.05089307666855414,0.41755336972825907,0.3683014388995815,True,False,0.12898833684644578,0.11061905475217909
blood,scratch,0,bubble,4,0.986881642329062,0.9318788712739243,0.06812112872607567,0.41755336972825907,0.3683014388995815,True,False,0.12898833684644578,0.11061905475217909
blood,scratch,0,bubble,5,0.986881642329062,0.920470096591776,0.07952990340822397,0.41755336972825907,0.3683014388995815,True,False,0.12898833684644578,0.11061905475217909
blood,scratch,1,bubble,1,0.9886038123934132,0.954360328048196,0.04563967195180396,0.5916758201769052,0.5869069531984048,True,False,0.12898833684644578,0.11061905475217909
blood,scratch,1,bubble,2,0.9886038123934132,0.9405947935884402,0.059405206411559774,0.5916758201769052,0.5869069531984048,True,False,0.12898833684644578,0.11061905475217909
blood,scratch,1,bubble,3,0.9886038123934132,0.9307466798696666,0.06925332013033336,0.5916758201769052,0.5869069531984048,True,False,0.12898833684644578,0.11061905475217909
blood,scratch,1,bubble,4,0.9886038123934132,0.9097991994453164,0.0902008005546836,0.5916758201769052,0.5869069531984048,True,False,0.12898833684644578,0.11061905475217909
blood,scratch,1,bubble,5,0.9886038123934132,0.882902599064002,0.11709740093599796,0.5916758201769052,0.5869069531984048,True,False,0.12898833684644578,0.11061905475217909
blood,scratch,2,bubble,1,0.978331286151004,0.9739155684902683,0.02608443150973172,0.389228251874698,0.2579771729012048,True,False,0.12898833684644578,0.11061905475217909
blood,scratch,2,bubble,2,0.978331286151004,0.9621572361698909,0.037842763830109094,0.389228251874698,0.2579771729012048,True,False,0.12898833684644578,0.11061905475217909
blood,scratch,2,bubble,3,0.978331286151004,0.9540980711683069,0.045901928831693084,0.389228251874698,0.2579771729012048,True,False,0.12898833684644578,0.11061905475217909
blood,scratch,2,bubble,4,0.978331286151004,0.9386029178844912,0.06139708211550876,0.389228251874698,0.2579771729012048,True,False,0.12898833684644578,0.11061905475217909
blood,scratch,2,bubble,5,0.978331286151004,0.9201966819722087,0.07980331802779128,0.389228251874698,0.2579771729012048,True,False,0.12898833684644578,0.11061905475217909
blood,scratch,3,bubble,1,0.9881007357017896,0.9625372616605863,0.037462738339413715,0.5087494861780845,0.48566213041452744,True,False,0.12898833684644578,0.11061905475217909
blood,scratch,3,bubble,2,0.9881007357017896,0.9506035597074867,0.04939644029251333,0.5087494861780845,0.48566213041452744,True,False,0.12898833684644578,0.11061905475217909
blood,scratch,3,bubble,3,0.9881007357017896,0.934109967842029,0.06589003215797096,0.5087494861780845,0.48566213041452744,True,False,0.12898833684644578,0.11061905475217909
blood,scratch,3,bubble,4,0.9881007357017896,0.9251193112638835,0.07488068873611653,0.5087494861780845,0.48566213041452744,True,False,0.12898833684644578,0.11061905475217909
blood,scratch,3,bubble,5,0.9881007357017896,0.8995161490580397,0.10048385094196033,0.5087494861780845,0.48566213041452744,True,False,0.12898833684644578,0.11061905475217909
blood,scratch,4,bubble,1,0.988147309202292,0.9646517692735874,0.03534823072641258,0.47443403005277474,0.4460693123142426,True,False,0.12898833684644578,0.11061905475217909
blood,scratch,4,bubble,2,0.988147309202292,0.9523473063911965,0.04765269360880353,0.47443403005277474,0.4460693123142426,True,False,0.12898833684644578,0.11061905475217909
blood,scratch,4,bubble,3,0.988147309202292,0.942907146858113,0.057092853141886946,0.47443403005277474,0.4460693123142426,True,False,0.12898833684644578,0.11061905475217909
blood,scratch,4,bubble,4,0.988147309202292,0.9257309182860002,0.07426908171399982,0.47443403005277474,0.4460693123142426,True,False,0.12898833684644578,0.11061905475217909
blood,scratch,4,bubble,5,0.988147309202292,0.9083805767917824,0.09161942320821759,0.47443403005277474,0.4460693123142426,True,False,0.12898833684644578,0.11061905475217909
blood,pretrained,0,stain_deposit,1,0.9899915047646126,0.9657509136347908,0.03424908636520918,0.6934752700445594,0.7098242512472717,True,False,0.18536119379858546,0.16699191170431876
blood,pretrained,0,stain_deposit,2,0.9899915047646126,0.9168729255021251,0.08312707449787493,0.6934752700445594,0.7098242512472717,True,False,0.18536119379858546,0.16699191170431876
blood,pretrained,0,stain_deposit,3,0.9899915047646126,0.8335973425536769,0.1664026574463231,0.6934752700445594,0.7098242512472717,True,False,0.18536119379858546,0.16699191170431876
blood,pretrained,0,stain_deposit,4,0.9899915047646126,0.8421848155536882,0.15781518444631182,0.6934752700445594,0.7098242512472717,True,False,0.18536119379858546,0.16699191170431876
blood,pretrained,0,stain_deposit,5,0.9899915047646126,0.7988769831294392,0.20112301687056078,0.6934752700445594,0.7098242512472717,True,False,0.18536119379858546,0.16699191170431876
blood,pretrained,1,stain_deposit,1,0.9867345502282888,0.9551368153479507,0.044863184652049304,0.6336982900782934,0.6239680755905066,True,False,0.18536119379858546,0.16699191170431876
blood,pretrained,1,stain_deposit,2,0.9867345502282888,0.9119225333414159,0.08807746665858407,0.6336982900782934,0.6239680755905066,True,False,0.18536119379858546,0.16699191170431876
blood,pretrained,1,stain_deposit,3,0.9867345502282888,0.8557074863296321,0.14429251367036788,0.6336982900782934,0.6239680755905066,True,False,0.18536119379858546,0.16699191170431876
blood,pretrained,1,stain_deposit,4,0.9867345502282888,0.8553174764988198,0.14468252350118016,0.6336982900782934,0.6239680755905066,True,False,0.18536119379858546,0.16699191170431876
blood,pretrained,1,stain_deposit,5,0.9867345502282888,0.8346003306970077,0.16539966930299232,0.6336982900782934,0.6239680755905066,True,False,0.18536119379858546,0.16699191170431876
blood,pretrained,2,stain_deposit,1,0.9911905785219126,0.9458992003014934,0.05410079969850656,0.8355231119823822,0.8746779320899208,True,False,0.18536119379858546,0.16699191170431876
blood,pretrained,2,stain_deposit,2,0.9911905785219126,0.8850324026845858,0.11496759731541417,0.8355231119823822,0.8746779320899208,True,False,0.18536119379858546,0.16699191170431876
blood,pretrained,2,stain_deposit,3,0.9911905785219126,0.801679155806466,0.19832084419353402,0.8355231119823822,0.8746779320899208,True,False,0.18536119379858546,0.16699191170431876
blood,pretrained,2,stain_deposit,4,0.9911905785219126,0.7981263854231497,0.20187361457685027,0.8355231119823822,0.8746779320899208,True,False,0.18536119379858546,0.16699191170431876
blood,pretrained,2,stain_deposit,5,0.9911905785219126,0.7948950483674873,0.20510495163251274,0.8355231119823822,0.8746779320899208,True,False,0.18536119379858546,0.16699191170431876
blood,pretrained,3,stain_deposit,1,0.9910253517357612,0.9618527904598791,0.03814720954012085,0.42994659645218286,0.4234981527069225,True,False,0.18536119379858546,0.16699191170431876
blood,pretrained,3,stain_deposit,2,0.9910253517357612,0.9363365989896266,0.06366340101037338,0.42994659645218286,0.4234981527069225,True,False,0.18536119379858546,0.16699191170431876
blood,pretrained,3,stain_deposit,3,0.9910253517357612,0.9006799753386607,0.09932002466133927,0.42994659645218286,0.4234981527069225,True,False,0.18536119379858546,0.16699191170431876
blood,pretrained,3,stain_deposit,4,0.9910253517357612,0.9027965335696326,0.09720346643036737,0.42994659645218286,0.4234981527069225,True,False,0.18536119379858546,0.16699191170431876
blood,pretrained,3,stain_deposit,5,0.9910253517357612,0.8998570297021244,0.10014297029787556,0.42994659645218286,0.4234981527069225,True,False,0.18536119379858546,0.16699191170431876
blood,pretrained,4,stain_deposit,1,0.9920144566582404,0.9297026429933019,0.07029735700669815,1.1353782269061203,1.2124510591206306,True,False,0.18536119379858546,0.16699191170431876
blood,pretrained,4,stain_deposit,2,0.9920144566582404,0.8505984270977064,0.1494015729022936,1.1353782269061203,1.2124510591206306,True,False,0.18536119379858546,0.16699191170431876
blood,pretrained,4,stain_deposit,3,0.9920144566582404,0.7265369602106115,0.27346303978938846,1.1353782269061203,1.2124510591206306,True,False,0.18536119379858546,0.16699191170431876
blood,pretrained,4,stain_deposit,4,0.9920144566582404,0.7202650488063473,0.27973495119365266,1.1353782269061203,1.2124510591206306,True,False,0.18536119379858546,0.16699191170431876
blood,pretrained,4,stain_deposit,5,0.9920144566582404,0.7206216031308345,0.27937839686916555,1.1353782269061203,1.2124510591206306,True,False,0.18536119379858546,0.16699191170431876
blood,scratch,0,stain_deposit,1,0.986881642329062,0.6523531992513705,0.3476468007486295,2.885742386127374,3.1246201728662295,True,False,0.18536119379858546,0.16699191170431876
blood,scratch,0,stain_deposit,2,0.986881642329062,0.5023509542749535,0.49764904572504653,2.885742386127374,3.1246201728662295,True,False,0.18536119379858546,0.16699191170431876
blood,scratch,0,stain_deposit,3,0.986881642329062,0.4159685508902372,0.5840314491097628,2.885742386127374,3.1246201728662295,True,False,0.18536119379858546,0.16699191170431876
blood,scratch,0,stain_deposit,4,0.986881642329062,0.41378255914358325,0.5862174408564167,2.885742386127374,3.1246201728662295,True,False,0.18536119379858546,0.16699191170431876
blood,scratch,0,stain_deposit,5,0.986881642329062,0.34102146800111216,0.6589785319988879,2.885742386127374,3.1246201728662295,True,False,0.18536119379858546,0.16699191170431876
blood,scratch,1,stain_deposit,1,0.9886038123934132,0.7784118022937553,0.22158819770624472,2.0655283784024605,2.224494675506745,True,False,0.18536119379858546,0.16699191170431876
blood,scratch,1,stain_deposit,2,0.9886038123934132,0.6669656808323656,0.3330343191676344,2.0655283784024605,2.224494675506745,True,False,0.18536119379858546,0.16699191170431876
blood,scratch,1,stain_deposit,3,0.9886038123934132,0.5674878889490511,0.4325121110509489,2.0655283784024605,2.224494675506745,True,False,0.18536119379858546,0.16699191170431876
blood,scratch,1,stain_deposit,4,0.9886038123934132,0.5673569228322433,0.43264307716775674,2.0655283784024605,2.224494675506745,True,False,0.18536119379858546,0.16699191170431876
blood,scratch,1,stain_deposit,5,0.9886038123934132,0.5054336748649028,0.49456632513509724,2.0655283784024605,2.224494675506745,True,False,0.18536119379858546,0.16699191170431876
blood,scratch,2,stain_deposit,1,0.978331286151004,0.8109057358955989,0.1890942641044011,1.9826398038597908,2.070973159941998,True,False,0.18536119379858546,0.16699191170431876
blood,scratch,2,stain_deposit,2,0.978331286151004,0.7026156379650071,0.29738436203499286,1.9826398038597908,2.070973159941998,True,False,0.18536119379858546,0.16699191170431876
blood,scratch,2,stain_deposit,3,0.978331286151004,0.5742673852634861,0.4257326147365139,1.9826398038597908,2.070973159941998,True,False,0.18536119379858546,0.16699191170431876
blood,scratch,2,stain_deposit,4,0.978331286151004,0.5822785174400138,0.4177214825599862,1.9826398038597908,2.070973159941998,True,False,0.18536119379858546,0.16699191170431876
blood,scratch,2,stain_deposit,5,0.978331286151004,0.4924103188556733,0.5075896811443267,1.9826398038597908,2.070973159941998,True,False,0.18536119379858546,0.16699191170431876
blood,scratch,3,stain_deposit,1,0.9881007357017896,0.7725287909079055,0.2274712090920945,2.3060348340386088,2.4884445075165997,True,False,0.18536119379858546,0.16699191170431876
blood,scratch,3,stain_deposit,2,0.9881007357017896,0.6196259198268385,0.38037408017316154,2.3060348340386088,2.4884445075165997,True,False,0.18536119379858546,0.16699191170431876
blood,scratch,3,stain_deposit,3,0.9881007357017896,0.5157475543630801,0.48425244563691994,2.3060348340386088,2.4884445075165997,True,False,0.18536119379858546,0.16699191170431876
blood,scratch,3,stain_deposit,4,0.9881007357017896,0.5182705773996052,0.48172942260039475,2.3060348340386088,2.4884445075165997,True,False,0.18536119379858546,0.16699191170431876
blood,scratch,3,stain_deposit,5,0.9881007357017896,0.43658030860997316,0.5634196913900269,2.3060348340386088,2.4884445075165997,True,False,0.18536119379858546,0.16699191170431876
blood,scratch,4,stain_deposit,1,0.988147309202292,0.8433734463874893,0.15662655361251066,1.8064186365828987,1.9341489110634456,True,False,0.18536119379858546,0.16699191170431876
blood,scratch,4,stain_deposit,2,0.988147309202292,0.7309667771926044,0.2690332228073956,1.8064186365828987,1.9341489110634456,True,False,0.18536119379858546,0.16699191170431876
blood,scratch,4,stain_deposit,3,0.988147309202292,0.6113603223531754,0.3886396776468246,1.8064186365828987,1.9341489110634456,True,False,0.18536119379858546,0.16699191170431876
blood,scratch,4,stain_deposit,4,0.988147309202292,0.6192709420234668,0.3807290579765332,1.8064186365828987,1.9341489110634456,True,False,0.18536119379858546,0.16699191170431876
blood,scratch,4,stain_deposit,5,0.988147309202292,0.520828937158168,0.479171062841832,1.8064186365828987,1.9341489110634456,True,False,0.18536119379858546,0.16699191170431876
