dataset,condition_pre,corruption,family,corrupted_bacc_mean_pre,corrupted_bacc_sd_pre,BE_mean_pre,BE_sd_pre,condition_scratch,corrupted_bacc_mean_scratch,corrupted_bacc_sd_scratch,BE_mean_scratch,BE_sd_scratch,delta_bacc,delta_BE
blood,pretrained,brightness_down,color,0.6027921831124134,0.06906197008223257,5.027453551169164,0.8741163491224068,scratch,0.3383026883956123,0.023591419622253883,8.375093232281582,0.2985962544402502,0.26448949471680117,3.347639681112418
blood,pretrained,brightness_up,color,0.9189887500693359,0.016567225023773197,1.166251329061265,0.23850450671196227,scratch,0.4987371701459411,0.06367860493016216,7.216262457703749,0.9167277099925124,0.4202515799233948,6.050011128642484
blood,pretrained,bubble,task_specific,0.9481154457504977,0.009814124698627627,0.4022422144357787,0.07608536506917514,scratch,0.9385592187721642,0.010278817208315336,0.4763281916021443,0.0796879583039491,0.00955622697833347,0.07408597716636561
blood,pretrained,contrast_down,color,0.9319852680758753,0.012137267000187846,0.8538055118139958,0.15236207171527294,scratch,0.5871172219139977,0.016391923489366148,5.183018174006293,0.2057718119078545,0.3448680461618776,4.329212662192297
blood,pretrained,contrast_up,color,0.9630386973646768,0.011904250037165118,0.7087005776570866,0.2282535591657058,scratch,0.8959811503974523,0.01585621387892898,1.994470257931334,0.3040290015296164,0.06705754696722455,1.2857696802742473
blood,pretrained,defocus_blur,blur,0.924930906647704,0.014298806673346003,0.3351329391583098,0.063834540859662,scratch,0.8593111340574747,0.04825712115921293,0.6280810256878621,0.21543554247429939,0.06561977259022933,0.2929480865295523
blood,pretrained,jpeg_compression,digital,0.8449612183921733,0.034350133355574235,1.1093067158594216,0.24577614211644205,scratch,0.9355424829882695,0.006395587336869584,0.4611952942819434,0.04576060203182573,-0.09058126459609617,-0.6481114215774783
blood,pretrained,motion_blur,blur,0.9449446812260147,0.007700270143445776,0.29837173952513746,0.041731535638642715,scratch,0.8813791785747224,0.033284924099212514,0.6428643339230776,0.18038730725026575,0.06356550265129235,0.34449259439794017
blood,pretrained,pixelate,digital,0.9210458633785418,0.010766234229030981,1.32127127392728,0.18016935684311078,scratch,0.975857628244454,0.011805501012476145,0.40401457922353645,0.19756114156360563,-0.054811764865912216,-0.9172566947037436
blood,pretrained,saturate,color,0.9290256294693229,0.018932656728871077,2.040338757085039,0.54426736031151,scratch,0.4888519540769499,0.03585298985017048,14.69425034568366,1.0306853615145612,0.44017367539237295,12.653911588598621
blood,pretrained,stain_deposit,task_specific,0.8617938970188181,0.04859233031527531,0.7456042990927076,0.2621494246960665,scratch,0.5904865549190264,0.077613591832148,2.2092728078022263,0.41871542927417327,0.2713073420997918,1.4636685087095187
derma,pretrained,black_corner,task_specific,0.5350782947257892,0.05424492521531514,0.61242743389131,0.0714552148767665,scratch,0.2846918806972249,0.02815340599290162,0.942253955830781,0.03708563827400504,0.25038641402856426,0.32982652193947093
derma,pretrained,brightness_down,color,0.41231053140085844,0.029880660430297436,1.0180022830066688,0.051759614832468805,scratch,0.2879823536302762,0.010830667933126878,1.2333649457309206,0.018761004359482303,0.12432817777058225,0.21536266272425175
derma,pretrained,brightness_up,color,0.6502584387328892,0.04144504850846936,0.7817217956000856,0.09263553814248975,scratch,0.46197911857657414,0.040449423244652505,1.2025526733880116,0.0904101750310657,0.1882793201563151,0.42083087778792605
derma,pretrained,characters,task_specific,0.7117551005926818,0.02270581035853667,0.6460112975543891,0.05088801238773885,scratch,0.5387851342878331,0.010958157478859316,1.033669683185123,0.024559301990352934,0.17296996630484862,0.38765838563073396
derma,pretrained,contrast_down,color,0.5315731531964032,0.0156458474583936,0.86774468563911,0.028983396397930367,scratch,0.33520129508845653,0.014417551389423994,1.2315168251845063,0.026708020010960173,0.19637185810794666,0.36377213954539633
derma,pretrained,contrast_up,color,0.6606281817376936,0.035285290376172125,0.7884751121307471,0.08197962172691224,scratch,0.5180451379339603,0.015191997783237692,1.119743577575918,0.03529613100157304,0.1425830438037332,0.33126846544517086
derma,pretrained,defocus_blur,blur,0.20871689343451932,0.02144000633925295,1.129062713472734,0.030592226136785576,scratch,0.4686967157684541,0.007429749720693504,0.7581037972302564,0.010601330055534743,-0.2599798223339348,-0.37095891624247757
derma,pretrained,gaussian_noise,noise,0.2342425002613119,0.015022459369698173,0.9942818520858655,0.019505599005018182,scratch,0.3246794877446333,0.010696349727550175,0.8768558321739901,0.013888452181396798,-0.09043698748332138,-0.1174260199118754
derma,pretrained,impulse_noise,noise,0.202635655569075,0.02149871820830066,0.9972598739359982,0.026888346788941146,scratch,0.3019144969050721,0.013218814735077014,0.873092289209208,0.016532710057024922,-0.0992788413359971,-0.12416758472679024
derma,pretrained,jpeg_compression,digital,0.30862594197019555,0.021885278465519332,1.4489264803716746,0.045865417035407356,scratch,0.5193772236490707,0.010259653031064074,1.007250792297726,0.02150136063608775,-0.21075128167887514,-0.4416756880739485
derma,pretrained,motion_blur,blur,0.33040935880911737,0.026752386375234288,1.0685386702359083,0.042691694902111076,scratch,0.484127194774384,0.01144141293704052,0.823234387395666,0.018258308006846767,-0.1537178359652666,-0.2453042828402423
derma,pretrained,pixelate,digital,0.45419827981357963,0.03834681229404874,1.0691264858442362,0.07511444386298743,scratch,0.5403469844571247,0.0158400755314746,0.9003768127502638,0.031027832383321276,-0.08614870464354507,-0.16874967309397237
derma,pretrained,shot_noise,noise,0.18645013432307592,0.02394405893294547,0.9694867594425947,0.028533528284082177,scratch,0.2399817072790044,0.029527552682794524,0.9056945404496932,0.035187236299146656,-0.053531572955928475,-0.06379221899290144
derma,pretrained,speckle_noise,noise,0.2541568780846475,0.019319028401392362,0.9700403060770089,0.025126243941851277,scratch,0.3149720582112109,0.018754438001243667,0.890944348481257,0.024391940133884342,-0.060815180126563395,-0.07909595759575183
derma,pretrained,zoom_blur,blur,0.37472068390899926,0.056545066516555345,1.1847642690087161,0.10714023744835666,scratch,0.5076124984068885,0.014968308836777487,0.9329640424393796,0.028361593004813935,-0.13289181449788923,-0.25180022656933654
pneumonia,pretrained,brightness_down,color,0.7326153846153847,0.035103064599496546,0.9611059907834102,0.12617691422860514,scratch,0.6135384615384616,0.022616134000543603,1.3891244239631335,0.08129301622315191,0.11907692307692308,0.4280184331797233
pneumonia,pretrained,brightness_up,color,0.8956410256410257,0.019765869694809066,0.7123687281213537,0.13492454809175358,scratch,0.795965811965812,0.030230649615909173,1.392765460910152,0.20635857672470076,0.0996752136752137,0.6803967327887984
pneumonia,pretrained,contrast_down,color,0.7886837606837607,0.028805105329913722,0.8899928005759538,0.12131739825773608,scratch,0.666974358974359,0.017376154560643273,1.4025917926565874,0.07318250840875665,0.1217094017094017,0.5125989920806336
pneumonia,pretrained,contrast_up,color,0.9094017094017094,0.016884398517212348,0.9506726457399107,0.1771726122433942,scratch,0.851025641025641,0.014698991136105661,1.5632286995515698,0.15424053479142322,0.058376068376068346,0.6125560538116591
pneumonia,pretrained,gamma_corr_down,color,0.7937094017094017,0.041999333835931144,1.2396507447354905,0.25238428653333056,scratch,0.7066495726495726,0.02199990702535158,1.7628145865434,0.13220283112306822,0.08705982905982912,0.5231638418079094
pneumonia,pretrained,gamma_corr_up,color,0.8996581196581197,0.01647844628756039,1.0444839857651247,0.1715283110004065,scratch,0.8109401709401709,0.019335044926389554,1.9679715302491103,0.20126336800601155,0.0887179487179488,0.9234875444839856
pneumonia,pretrained,gaussian_blur,blur,0.6493504273504274,0.062059834356831815,1.2840688575899843,0.22726136525037002,scratch,0.7350427350427351,0.022678098469527497,0.9702660406885759,0.08304655777573453,-0.08569230769230773,-0.31380281690140843
pneumonia,pretrained,gaussian_noise,noise,0.584871794871795,0.08185105109269623,0.9403678606001936,0.18541283596990257,scratch,0.7855213675213675,0.034118872351056755,0.48584704743465623,0.07728766824924764,-0.2006495726495725,-0.4545208131655374
pneumonia,pretrained,impulse_noise,noise,0.5007692307692307,0.001720052290384446,1.0897388059701494,0.0037545917532645612,scratch,0.7886666666666666,0.03155389565135394,0.4613059701492537,0.0688769737165749,-0.2878974358974359,-0.6284328358208957
pneumonia,pretrained,jpeg_compression,digital,0.6461709401709401,0.03458178172735015,1.2644471594379962,0.12358181008246709,scratch,0.8020170940170941,0.0161714280477893,0.7075137446548564,0.05779038123370059,-0.15584615384615397,-0.5569334147831398
pneumonia,pretrained,pixelate,digital,0.7359145299145299,0.04155408415020624,1.194818252126837,0.18800571715290545,scratch,0.7938803418803418,0.018197562731212622,0.9325599381283836,0.0823323603848366,-0.057965811965811964,-0.26225831399845334
pneumonia,pretrained,shot_noise,noise,0.6000854700854701,0.07355171396917504,0.9737773152965661,0.1790957447324347,scratch,0.7991794871794872,0.03294778120100205,0.488990634755463,0.08022664725322048,-0.19909401709401708,-0.4847866805411031
pneumonia,pretrained,speckle_noise,noise,0.6477777777777778,0.062420553640915,1.0187886279357232,0.1805489437821273,scratch,0.8005128205128205,0.030582648917083607,0.577008652657602,0.08845908339428377,-0.15273504273504268,-0.4417799752781212
